CSEC1
# measured 2 m creek cross-sections: 13762 resolved of 38507 screened transects, 370 reaches, 35 sandhills_nc tiles (tools/aeolian/creek_sections.py)
# OSM waterway=stream, 10 m stations, +-40 m at 1 m, recentred +-12 m, detrended 25..40 m
half_m 24
step_m 1
n_sections 256
n_medians 370
resolved_frac 0.3574
along_corr_m 40.0
depth_p 0.364 0.650 1.027 1.537 2.051
width_p 10.000 14.000 16.500 17.500 18.000
asym_p -0.172 -0.056 0.000 0.059 0.172
# s depth w_l w_r v(-24)..v(+24)   individual transects, sorted by mean closure width
s 0.023 2 2 -0.032 -0.016 -0.002 0.009 0.014 0.021 0.028 0.040 0.051 0.072 0.112 0.154 0.197 0.232 0.219 0.197 0.173 0.148 0.125 0.103 0.075 0.052 0.029 0.008 0.000 0.053 0.109 0.153 0.187 0.209 0.217 0.224 0.227 0.231 0.233 0.234 0.229 0.221 0.215 0.205 0.189 0.147 0.099 0.064 0.033 0.012 -0.002 -0.011 -0.021
s 0.036 3 5 -0.014 -0.002 0.008 0.024 0.045 0.068 0.093 0.118 0.149 0.179 0.183 0.186 0.177 0.167 0.156 0.149 0.144 0.136 0.121 0.094 0.067 0.041 0.013 0.002 0.000 0.003 -0.002 0.002 0.014 0.033 0.065 0.096 0.128 0.155 0.163 0.164 0.153 0.136 0.112 0.083 0.054 0.027 0.007 -0.002 -0.003 0.013 0.035 0.070 0.109
s 0.230 2 7 -0.190 -0.158 -0.105 -0.036 0.044 0.135 0.239 0.324 0.368 0.378 0.365 0.348 0.350 0.353 0.343 0.335 0.314 0.289 0.251 0.211 0.167 0.116 0.068 0.029 0.000 -0.013 -0.020 0.027 0.090 0.171 0.255 0.342 0.426 0.503 0.573 0.631 0.676 0.705 0.685 0.659 0.623 0.582 0.531 0.474 0.416 0.375 0.343 0.320 0.332
s 0.230 5 5 0.234 0.225 0.213 0.205 0.217 0.230 0.235 0.232 0.226 0.231 0.243 0.255 0.268 0.265 0.259 0.258 0.256 0.246 0.224 0.195 0.157 0.108 0.062 0.028 0.000 0.013 0.058 0.119 0.176 0.220 0.242 0.251 0.234 0.218 0.213 0.216 0.225 0.228 0.222 0.217 0.207 0.199 0.203 0.214 0.235 0.253 0.268 0.276 0.278
s 0.124 4 6 0.073 0.085 0.086 0.085 0.091 0.106 0.114 0.126 0.131 0.131 0.134 0.133 0.136 0.146 0.154 0.156 0.161 0.156 0.143 0.123 0.093 0.059 0.034 0.015 0.000 0.008 0.026 0.052 0.081 0.107 0.133 0.158 0.179 0.193 0.207 0.215 0.225 0.232 0.235 0.243 0.233 0.223 0.203 0.177 0.157 0.138 0.120 0.102 0.084
s 0.215 5 6 0.232 0.232 0.237 0.244 0.261 0.282 0.326 0.367 0.396 0.425 0.433 0.438 0.423 0.404 0.384 0.364 0.339 0.305 0.264 0.217 0.165 0.109 0.060 0.025 0.000 0.003 0.009 0.047 0.087 0.126 0.165 0.196 0.228 0.231 0.230 0.224 0.221 0.216 0.206 0.190 0.167 0.152 0.152 0.156 0.170 0.187 0.212 0.238 0.250
s 0.812 9 2 0.966 1.138 1.267 1.405 1.537 1.640 1.723 1.788 1.827 1.863 1.855 1.781 1.692 1.584 1.473 1.361 1.221 1.097 0.972 0.832 0.704 0.559 0.369 0.185 0.000 0.079 0.164 0.231 0.267 0.261 0.241 0.222 0.194 0.167 0.155 0.146 0.149 0.157 0.164 0.168 0.164 0.156 0.125 0.100 0.087 0.031 -0.041 -0.132 -0.248
s 0.173 8 4 0.113 0.114 0.119 0.132 0.172 0.209 0.216 0.219 0.190 0.162 0.162 0.191 0.223 0.215 0.196 0.175 0.151 0.120 0.105 0.066 0.037 0.021 0.012 0.007 0.000 0.022 0.070 0.122 0.173 0.215 0.245 0.265 0.277 0.283 0.285 0.290 0.293 0.296 0.291 0.284 0.271 0.256 0.229 0.195 0.174 0.156 0.135 0.123 0.122
s 0.262 10 2 0.461 0.418 0.400 0.425 0.460 0.492 0.522 0.544 0.558 0.556 0.535 0.500 0.457 0.417 0.375 0.335 0.284 0.228 0.159 0.084 0.023 -0.021 -0.044 -0.028 0.000 0.086 0.182 0.243 0.298 0.326 0.346 0.353 0.343 0.317 0.252 0.190 0.105 0.022 -0.039 -0.097 -0.115 -0.108 -0.086 -0.020 0.064 0.202 0.341 0.532 0.732
s 0.504 9 4 0.653 0.639 0.647 0.653 0.697 0.737 0.759 0.776 0.775 0.766 0.743 0.711 0.676 0.646 0.618 0.580 0.530 0.464 0.389 0.306 0.218 0.135 0.062 0.024 0.000 0.032 0.088 0.240 0.423 0.510 0.544 0.553 0.546 0.535 0.522 0.505 0.476 0.444 0.402 0.359 0.311 0.278 0.247 0.217 0.306 0.409 0.508 0.607 0.676
s 0.341 6 8 0.343 0.325 0.310 0.295 0.279 0.290 0.299 0.317 0.333 0.349 0.366 0.399 0.428 0.439 0.447 0.434 0.417 0.354 0.285 0.221 0.159 0.105 0.053 0.023 0.000 0.018 0.048 0.083 0.119 0.154 0.189 0.243 0.304 0.349 0.384 0.401 0.405 0.393 0.373 0.358 0.349 0.345 0.346 0.355 0.373 0.390 0.403 0.417 0.429
s 0.367 3 11 0.282 0.264 0.257 0.261 0.273 0.290 0.307 0.326 0.351 0.382 0.413 0.443 0.472 0.495 0.515 0.532 0.537 0.530 0.490 0.442 0.365 0.279 0.174 0.068 0.000 -0.015 -0.013 0.018 0.058 0.111 0.168 0.218 0.267 0.315 0.359 0.395 0.416 0.429 0.430 0.429 0.423 0.418 0.421 0.432 0.453 0.486 0.524 0.559 0.594
s 0.408 7 8 0.304 0.291 0.282 0.279 0.280 0.295 0.312 0.324 0.331 0.337 0.343 0.353 0.364 0.370 0.359 0.348 0.326 0.280 0.216 0.142 0.080 0.033 0.011 -0.000 0.000 0.038 0.085 0.135 0.179 0.227 0.296 0.383 0.471 0.527 0.563 0.590 0.594 0.590 0.583 0.578 0.572 0.565 0.552 0.538 0.520 0.506 0.498 0.482 0.464
s 0.552 7 8 0.575 0.586 0.603 0.611 0.605 0.596 0.583 0.576 0.569 0.563 0.565 0.572 0.582 0.593 0.599 0.591 0.568 0.539 0.469 0.391 0.292 0.199 0.117 0.046 0.000 0.002 0.074 0.156 0.232 0.306 0.369 0.408 0.437 0.452 0.453 0.443 0.428 0.416 0.422 0.430 0.433 0.440 0.444 0.473 0.518 0.566 0.621 0.671 0.712
s 0.277 4 12 0.303 0.259 0.202 0.146 0.120 0.102 0.090 0.082 0.084 0.097 0.112 0.141 0.173 0.220 0.258 0.256 0.254 0.231 0.206 0.159 0.107 0.062 0.019 0.004 0.000 0.003 0.010 0.022 0.042 0.070 0.119 0.167 0.216 0.263 0.303 0.343 0.375 0.407 0.426 0.442 0.444 0.442 0.437 0.432 0.435 0.439 0.433 0.419 0.399
s 0.192 13 3 0.191 0.219 0.252 0.293 0.329 0.357 0.388 0.386 0.375 0.354 0.320 0.290 0.259 0.235 0.222 0.210 0.202 0.229 0.248 0.251 0.206 0.150 0.079 0.024 0.000 0.012 0.033 0.065 0.101 0.140 0.167 0.181 0.186 0.184 0.179 0.196 0.219 0.218 0.199 0.173 0.130 0.090 0.054 0.040 0.036 0.039 0.044 0.057 0.067
s 0.197 8 9 0.235 0.211 0.192 0.178 0.169 0.167 0.167 0.173 0.181 0.184 0.184 0.181 0.177 0.170 0.163 0.154 0.143 0.132 0.113 0.093 0.071 0.047 0.026 0.007 0.000 0.015 0.034 0.065 0.086 0.108 0.130 0.148 0.164 0.180 0.194 0.206 0.217 0.226 0.227 0.232 0.232 0.234 0.230 0.220 0.210 0.200 0.197 0.206 0.216
s 0.598 13 4 0.566 0.651 0.730 0.892 1.064 1.172 1.277 1.305 1.330 1.214 1.088 0.920 0.747 0.597 0.468 0.375 0.298 0.245 0.194 0.157 0.121 0.086 0.048 0.018 0.000 -0.005 0.000 0.066 0.191 0.284 0.338 0.348 0.295 0.233 0.173 0.111 0.047 0.012 0.034 0.046 0.051 0.048 0.048 0.057 0.131 0.205 0.341 0.468 0.488
s 0.310 6 11 0.178 0.137 0.100 0.067 0.043 0.026 0.032 0.057 0.095 0.144 0.190 0.233 0.267 0.294 0.281 0.233 0.184 0.134 0.087 0.041 0.008 -0.013 -0.021 -0.015 0.000 0.023 0.053 0.089 0.141 0.211 0.272 0.326 0.372 0.410 0.434 0.445 0.451 0.451 0.453 0.456 0.465 0.479 0.499 0.526 0.553 0.581 0.610 0.640 0.677
s 0.224 12 6 0.357 0.349 0.334 0.313 0.292 0.282 0.290 0.303 0.321 0.340 0.332 0.302 0.261 0.211 0.162 0.115 0.072 0.034 0.007 -0.013 -0.015 -0.009 -0.005 -0.003 0.000 0.004 0.010 0.026 0.055 0.089 0.120 0.153 0.169 0.184 0.189 0.189 0.176 0.160 0.145 0.138 0.131 0.129 0.129 0.127 0.134 0.145 0.161 0.175 0.192
s 0.799 12 6 0.984 0.965 0.950 0.945 0.947 0.957 0.976 0.990 0.990 0.986 0.954 0.913 0.812 0.707 0.634 0.569 0.500 0.427 0.349 0.267 0.182 0.110 0.038 0.008 0.000 0.060 0.165 0.281 0.404 0.498 0.552 0.599 0.614 0.639 0.678 0.719 0.746 0.742 0.726 0.705 0.678 0.648 0.625 0.610 0.604 0.614 0.633 0.678 0.731
s 0.567 8 10 0.708 0.723 0.737 0.752 0.764 0.775 0.786 0.795 0.804 0.812 0.822 0.832 0.832 0.824 0.792 0.743 0.664 0.565 0.460 0.350 0.242 0.136 0.069 0.030 0.000 -0.024 -0.039 -0.047 -0.040 -0.019 0.022 0.076 0.144 0.221 0.309 0.406 0.471 0.514 0.529 0.524 0.504 0.471 0.434 0.395 0.370 0.356 0.346 0.340 0.338
s 0.216 6 13 0.139 0.137 0.134 0.134 0.132 0.145 0.154 0.174 0.197 0.216 0.232 0.245 0.251 0.255 0.228 0.201 0.177 0.150 0.119 0.086 0.053 0.024 0.001 0.000 0.000 0.007 0.015 0.026 0.039 0.052 0.068 0.086 0.109 0.134 0.163 0.196 0.231 0.265 0.294 0.313 0.322 0.317 0.302 0.296 0.293 0.277 0.257 0.233 0.205
s 0.327 13 6 0.258 0.271 0.287 0.311 0.332 0.341 0.349 0.351 0.341 0.331 0.305 0.276 0.253 0.245 0.241 0.235 0.229 0.208 0.157 0.104 0.066 0.036 0.016 0.008 0.000 0.039 0.079 0.123 0.187 0.240 0.265 0.280 0.282 0.276 0.269 0.255 0.246 0.240 0.239 0.242 0.253 0.265 0.284 0.305 0.322 0.352 0.376 0.383 0.371
s 0.332 2 17 0.438 0.337 0.231 0.121 0.021 -0.076 -0.162 -0.242 -0.255 -0.192 -0.116 -0.028 0.059 0.144 0.214 0.256 0.270 0.219 0.166 0.111 0.064 0.038 0.019 0.008 0.000 0.011 0.021 0.040 0.055 0.078 0.097 0.118 0.140 0.165 0.191 0.223 0.257 0.303 0.352 0.414 0.486 0.560 0.636 0.674 0.681 0.669 0.654 0.644 0.636
s 0.181 10 10 0.181 0.177 0.175 0.178 0.182 0.185 0.189 0.193 0.198 0.198 0.197 0.196 0.195 0.181 0.155 0.132 0.110 0.090 0.069 0.049 0.035 0.021 0.011 0.001 0.000 0.005 0.012 0.022 0.035 0.052 0.070 0.090 0.111 0.134 0.157 0.170 0.181 0.187 0.189 0.189 0.186 0.183 0.181 0.179 0.179 0.178 0.176 0.175 0.173
s 0.638 12 8 0.888 0.901 0.915 0.923 0.919 0.910 0.879 0.837 0.795 0.769 0.749 0.738 0.730 0.710 0.644 0.560 0.466 0.354 0.244 0.148 0.065 0.008 0.005 -0.001 0.000 0.021 0.044 0.085 0.131 0.176 0.230 0.278 0.318 0.347 0.367 0.374 0.377 0.385 0.379 0.375 0.369 0.357 0.349 0.359 0.375 0.396 0.433 0.472 0.521
s 1.696 13 7 1.912 1.930 1.937 1.927 1.907 1.880 1.844 1.820 1.790 1.738 1.670 1.589 1.491 1.380 1.142 0.915 0.708 0.526 0.416 0.358 0.277 0.198 0.118 0.043 0.000 0.046 0.168 0.344 0.607 0.883 1.049 1.195 1.279 1.344 1.389 1.413 1.432 1.445 1.453 1.449 1.440 1.437 1.443 1.455 1.485 1.523 1.607 1.665 1.680
s 0.998 9 12 0.985 0.971 0.957 0.944 0.931 0.914 0.898 0.890 0.883 0.879 0.875 0.861 0.846 0.820 0.794 0.760 0.723 0.671 0.608 0.444 0.251 0.123 0.019 -0.008 0.000 0.092 0.229 0.352 0.463 0.555 0.633 0.695 0.746 0.783 0.810 0.838 0.866 0.895 0.922 0.946 0.967 0.991 1.015 1.040 1.066 1.092 1.117 1.137 1.148
s 0.855 9 12 0.758 0.715 0.675 0.639 0.608 0.583 0.563 0.567 0.590 0.631 0.693 0.737 0.725 0.699 0.651 0.582 0.470 0.365 0.308 0.237 0.199 0.145 0.087 0.036 0.000 -0.027 -0.002 0.057 0.134 0.234 0.350 0.470 0.582 0.681 0.782 0.873 0.943 0.980 1.014 1.035 1.053 1.046 1.040 1.071 1.102 1.143 1.173 1.176 1.171
s 0.364 9 12 0.360 0.369 0.381 0.396 0.413 0.431 0.439 0.449 0.457 0.461 0.463 0.453 0.436 0.409 0.378 0.334 0.288 0.237 0.181 0.114 0.066 0.029 0.006 0.001 0.000 0.006 0.018 0.039 0.065 0.092 0.121 0.150 0.178 0.202 0.225 0.244 0.261 0.277 0.292 0.298 0.304 0.304 0.300 0.302 0.314 0.333 0.350 0.371 0.389
s 0.313 9 12 0.185 0.213 0.243 0.274 0.296 0.314 0.331 0.346 0.357 0.365 0.370 0.374 0.375 0.375 0.339 0.283 0.224 0.163 0.115 0.075 0.045 0.020 0.006 -0.001 0.000 0.005 0.013 0.023 0.047 0.079 0.108 0.136 0.161 0.184 0.211 0.242 0.275 0.309 0.327 0.334 0.338 0.341 0.338 0.333 0.330 0.329 0.328 0.323 0.308
s 0.360 10 12 0.421 0.415 0.411 0.407 0.406 0.406 0.404 0.400 0.395 0.390 0.385 0.379 0.372 0.363 0.343 0.314 0.281 0.244 0.202 0.154 0.112 0.077 0.045 0.017 0.000 0.005 0.011 0.024 0.041 0.075 0.109 0.138 0.168 0.194 0.218 0.234 0.251 0.269 0.288 0.297 0.304 0.308 0.311 0.312 0.314 0.318 0.323 0.329 0.335
s 0.984 6 16 1.067 0.996 0.940 0.892 0.875 0.913 0.967 1.038 1.127 1.214 1.294 1.329 1.351 1.337 1.256 1.137 1.023 0.914 0.787 0.621 0.430 0.275 0.143 0.057 0.000 -0.029 -0.020 -0.011 -0.010 0.000 0.019 0.049 0.096 0.191 0.305 0.427 0.549 0.651 0.723 0.777 0.831 0.880 0.926 0.967 1.001 1.030 1.093 1.176 1.273
s 1.088 8 14 1.031 1.011 1.002 1.002 1.010 1.014 1.022 1.031 1.036 1.032 1.028 1.024 1.022 1.020 0.998 0.969 0.919 0.799 0.677 0.531 0.371 0.220 0.111 0.033 0.000 0.035 0.117 0.230 0.346 0.445 0.525 0.598 0.656 0.707 0.760 0.811 0.861 0.913 0.962 1.012 1.061 1.098 1.125 1.144 1.163 1.183 1.200 1.217 1.233
s 0.446 15 7 0.816 0.768 0.732 0.701 0.683 0.667 0.650 0.629 0.602 0.568 0.526 0.454 0.380 0.319 0.267 0.236 0.215 0.192 0.170 0.141 0.113 0.077 0.044 0.017 0.000 -0.005 0.009 0.031 0.060 0.101 0.143 0.192 0.246 0.289 0.301 0.298 0.305 0.334 0.381 0.408 0.422 0.425 0.397 0.305 0.209 0.151 0.092 0.088 0.106
s 0.574 15 8 0.634 0.641 0.635 0.638 0.641 0.629 0.626 0.615 0.587 0.536 0.462 0.381 0.328 0.283 0.246 0.215 0.189 0.146 0.107 0.078 0.052 0.024 0.002 -0.008 0.000 0.041 0.090 0.144 0.204 0.254 0.305 0.376 0.443 0.478 0.506 0.525 0.517 0.510 0.499 0.500 0.502 0.500 0.511 0.519 0.514 0.514 0.524 0.549 0.589
s 0.475 19 4 0.831 0.763 0.683 0.626 0.559 0.479 0.406 0.345 0.308 0.274 0.234 0.213 0.207 0.210 0.235 0.272 0.299 0.306 0.267 0.224 0.147 0.062 0.027 0.021 0.000 0.046 0.108 0.212 0.327 0.369 0.372 0.379 0.359 0.333 0.327 0.336 0.345 0.335 0.322 0.293 0.251 0.211 0.190 0.255 0.392 0.545 0.674 0.779 0.875
s 0.615 17 6 1.262 1.229 1.190 1.125 1.059 0.993 0.925 0.855 0.783 0.701 0.621 0.550 0.484 0.433 0.387 0.362 0.335 0.293 0.249 0.192 0.135 0.075 0.024 0.009 0.000 0.024 0.048 0.080 0.109 0.132 0.155 0.175 0.195 0.213 0.231 0.246 0.258 0.260 0.260 0.246 0.230 0.202 0.170 0.122 0.085 0.103 0.129 0.198 0.275
s 0.313 12 11 0.284 0.305 0.326 0.348 0.368 0.389 0.394 0.398 0.395 0.391 0.368 0.344 0.305 0.264 0.214 0.161 0.124 0.088 0.058 0.027 0.014 0.003 -0.002 -0.005 0.000 0.009 0.018 0.028 0.039 0.053 0.072 0.092 0.118 0.146 0.185 0.231 0.259 0.277 0.283 0.283 0.276 0.266 0.258 0.251 0.249 0.252 0.257 0.263 0.271
s 0.629 14 10 0.761 0.753 0.741 0.726 0.704 0.678 0.650 0.620 0.599 0.579 0.565 0.554 0.548 0.544 0.515 0.468 0.417 0.364 0.311 0.261 0.209 0.149 0.082 0.031 0.000 0.022 0.079 0.138 0.201 0.259 0.318 0.367 0.404 0.434 0.459 0.481 0.494 0.503 0.517 0.535 0.553 0.540 0.515 0.512 0.513 0.559 0.624 0.668 0.693
s 0.804 19 5 1.024 0.966 0.881 0.793 0.700 0.611 0.537 0.471 0.426 0.392 0.334 0.277 0.227 0.184 0.195 0.245 0.301 0.372 0.433 0.457 0.446 0.315 0.180 0.081 0.000 0.078 0.165 0.373 0.604 0.833 1.050 1.213 1.345 1.443 1.500 1.532 1.543 1.520 1.426 1.321 1.183 1.056 0.945 0.853 0.832 0.824 0.860 0.908 0.961
s 0.586 13 11 0.478 0.445 0.413 0.417 0.417 0.417 0.415 0.416 0.417 0.398 0.373 0.341 0.305 0.256 0.203 0.157 0.115 0.083 0.059 0.043 0.033 0.023 0.014 0.006 0.000 0.005 0.026 0.067 0.144 0.217 0.284 0.354 0.426 0.501 0.563 0.627 0.673 0.710 0.679 0.644 0.645 0.645 0.682 0.722 0.755 0.787 0.821 0.855 0.907
s 0.304 7 17 0.123 0.137 0.156 0.173 0.187 0.198 0.198 0.207 0.221 0.235 0.245 0.252 0.255 0.254 0.229 0.206 0.177 0.150 0.115 0.083 0.057 0.037 0.027 0.014 0.000 0.006 0.023 0.042 0.067 0.088 0.119 0.152 0.182 0.212 0.238 0.253 0.266 0.279 0.290 0.303 0.317 0.339 0.370 0.397 0.421 0.440 0.455 0.465 0.463
s 0.593 9 15 0.412 0.414 0.430 0.459 0.497 0.534 0.571 0.606 0.640 0.664 0.680 0.672 0.643 0.598 0.537 0.462 0.375 0.300 0.244 0.189 0.136 0.086 0.039 0.008 0.000 0.011 0.056 0.109 0.179 0.251 0.331 0.397 0.425 0.450 0.468 0.485 0.500 0.516 0.536 0.560 0.590 0.621 0.650 0.678 0.689 0.699 0.705 0.711 0.715
s 0.835 16 9 0.729 0.722 0.713 0.704 0.689 0.668 0.641 0.608 0.568 0.520 0.485 0.461 0.445 0.436 0.431 0.430 0.421 0.404 0.375 0.332 0.279 0.214 0.145 0.070 0.000 -0.060 -0.081 -0.039 0.054 0.237 0.415 0.595 0.749 0.844 0.919 0.945 0.970 0.989 1.001 0.993 0.986 0.982 0.981 0.995 0.995 0.967 0.926 0.863 0.799
s 1.330 16 9 2.442 2.385 2.328 2.258 2.185 2.098 2.009 1.909 1.808 1.700 1.591 1.484 1.377 1.256 1.132 0.984 0.834 0.658 0.480 0.353 0.232 0.154 0.081 0.039 0.000 0.005 0.015 0.057 0.102 0.178 0.258 0.319 0.376 0.401 0.422 0.406 0.386 0.310 0.227 0.186 0.149 0.176 0.210 0.338 0.476 0.657 0.844 1.045 1.250
s 1.052 14 11 0.865 0.845 0.848 0.855 0.862 0.863 0.839 0.813 0.783 0.730 0.683 0.631 0.587 0.542 0.490 0.445 0.426 0.396 0.360 0.309 0.248 0.181 0.106 0.050 0.000 -0.030 0.009 0.055 0.128 0.222 0.341 0.495 0.671 0.818 0.933 1.013 1.078 1.146 1.202 1.248 1.273 1.275 1.256 1.236 1.225 1.228 1.241 1.260 1.288
s 0.512 9 16 0.569 0.527 0.492 0.459 0.416 0.398 0.387 0.382 0.389 0.401 0.408 0.411 0.407 0.387 0.361 0.340 0.314 0.286 0.244 0.188 0.139 0.090 0.047 0.019 0.000 0.022 0.055 0.097 0.147 0.197 0.250 0.300 0.335 0.356 0.365 0.375 0.385 0.403 0.429 0.458 0.493 0.528 0.559 0.585 0.608 0.627 0.649 0.680 0.715
s 0.851 9 17 0.942 0.906 0.861 0.809 0.773 0.745 0.721 0.711 0.702 0.721 0.728 0.710 0.683 0.667 0.662 0.649 0.608 0.529 0.440 0.334 0.220 0.103 0.026 -0.001 0.000 0.046 0.109 0.181 0.265 0.359 0.448 0.510 0.569 0.620 0.649 0.670 0.671 0.667 0.666 0.670 0.700 0.758 0.816 0.869 0.930 0.989 1.042 1.089 1.131
s 0.490 11 15 0.533 0.503 0.479 0.453 0.439 0.425 0.416 0.410 0.419 0.435 0.426 0.412 0.394 0.372 0.347 0.319 0.290 0.260 0.229 0.189 0.147 0.102 0.054 0.028 0.000 0.008 0.013 0.023 0.031 0.046 0.061 0.104 0.156 0.200 0.239 0.275 0.311 0.361 0.425 0.473 0.489 0.502 0.510 0.519 0.540 0.557 0.570 0.584 0.597
s 2.439 11 15 2.625 2.530 2.419 2.304 2.206 2.145 2.088 2.059 2.022 1.996 1.985 1.967 1.901 1.822 1.710 1.538 1.356 1.127 0.919 0.706 0.485 0.282 0.164 0.060 0.000 0.003 0.012 0.156 0.333 0.532 0.759 1.017 1.300 1.555 1.749 1.876 1.983 2.050 2.122 2.199 2.281 2.374 2.473 2.574 2.671 2.756 2.838 2.917 2.992
s 1.424 12 14 1.514 1.447 1.401 1.359 1.326 1.284 1.250 1.230 1.217 1.202 1.184 1.133 1.078 0.999 0.911 0.813 0.700 0.581 0.486 0.392 0.301 0.203 0.101 0.033 0.000 0.023 0.059 0.151 0.294 0.424 0.525 0.625 0.732 0.830 0.914 0.993 1.080 1.161 1.237 1.296 1.344 1.391 1.437 1.479 1.522 1.559 1.586 1.650 1.734
s 0.389 15 11 0.499 0.444 0.397 0.382 0.376 0.366 0.355 0.345 0.334 0.318 0.300 0.266 0.227 0.192 0.157 0.132 0.109 0.098 0.090 0.081 0.072 0.056 0.039 0.020 0.000 -0.013 -0.024 -0.024 -0.021 -0.019 -0.018 -0.021 -0.026 0.088 0.243 0.376 0.501 0.575 0.630 0.562 0.453 0.415 0.401 0.399 0.401 0.391 0.376 0.462 0.584
s 2.434 15 12 2.975 2.965 2.948 2.910 2.861 2.779 2.679 2.566 2.443 2.309 2.169 2.028 1.886 1.742 1.596 1.433 1.243 1.053 0.854 0.653 0.421 0.205 0.090 -0.006 0.000 0.028 0.132 0.242 0.366 0.494 0.650 0.816 0.977 1.139 1.303 1.470 1.628 1.776 1.920 2.052 2.124 2.103 2.075 2.042 2.007 1.978 1.947 1.921 1.897
s 0.006 3 24 0.050 0.054 0.058 0.065 0.083 0.106 0.133 0.148 0.155 0.164 0.173 0.185 0.199 0.219 0.239 0.247 0.253 0.242 0.223 0.195 0.145 0.092 0.052 0.020 0.000 0.003 0.007 0.030 0.062 0.101 0.154 0.192 0.216 0.242 0.264 0.255 0.243 0.186 0.113 0.040 -0.032 -0.095 -0.122 -0.121 -0.107 -0.072 -0.043 0.001 0.045
s 0.830 10 17 1.062 1.037 1.011 0.987 0.960 0.942 0.926 0.915 0.912 0.912 0.906 0.888 0.866 0.833 0.793 0.746 0.674 0.590 0.494 0.396 0.292 0.199 0.115 0.032 0.000 -0.008 -0.004 0.100 0.185 0.241 0.267 0.291 0.302 0.309 0.321 0.269 0.235 0.234 0.311 0.403 0.510 0.611 0.663 0.691 0.701 0.701 0.716 0.733 0.749
s 0.949 13 14 0.880 0.834 0.795 0.767 0.747 0.728 0.690 0.650 0.620 0.612 0.605 0.598 0.588 0.577 0.541 0.491 0.442 0.391 0.338 0.283 0.229 0.171 0.108 0.050 0.000 -0.033 -0.047 -0.063 -0.046 0.012 0.070 0.153 0.244 0.334 0.468 0.585 0.681 0.807 0.926 1.024 1.101 1.149 1.168 1.161 1.150 1.148 1.152 1.160 1.185
s 1.633 16 11 1.846 1.770 1.710 1.647 1.578 1.506 1.434 1.362 1.278 1.156 1.036 0.922 0.814 0.710 0.631 0.574 0.525 0.492 0.461 0.383 0.287 0.183 0.074 -0.014 0.000 0.088 0.247 0.453 0.640 0.801 0.930 1.045 1.143 1.224 1.297 1.363 1.425 1.483 1.536 1.578 1.617 1.648 1.673 1.685 1.689 1.704 1.740 1.781 1.846
s 0.570 15 12 0.566 0.538 0.516 0.496 0.485 0.483 0.472 0.460 0.443 0.418 0.371 0.309 0.252 0.207 0.164 0.131 0.098 0.078 0.062 0.050 0.042 0.034 0.019 0.005 0.000 -0.003 0.008 0.019 0.040 0.067 0.100 0.137 0.202 0.309 0.412 0.505 0.595 0.654 0.692 0.691 0.685 0.669 0.650 0.639 0.637 0.642 0.655 0.673 0.701
s 0.594 18 10 0.763 0.748 0.734 0.714 0.690 0.651 0.609 0.548 0.476 0.401 0.331 0.273 0.227 0.206 0.227 0.245 0.247 0.251 0.235 0.223 0.172 0.118 0.061 0.005 0.000 0.036 0.075 0.116 0.160 0.207 0.252 0.291 0.331 0.372 0.414 0.443 0.468 0.492 0.514 0.526 0.523 0.513 0.498 0.480 0.465 0.449 0.471 0.497 0.538
s 0.734 14 14 0.657 0.640 0.623 0.604 0.576 0.551 0.534 0.535 0.538 0.534 0.514 0.452 0.375 0.296 0.240 0.194 0.174 0.177 0.166 0.129 0.090 0.050 0.013 -0.017 0.000 0.033 0.069 0.150 0.272 0.331 0.364 0.353 0.368 0.421 0.401 0.433 0.569 0.704 0.813 0.898 0.963 0.945 0.921 0.911 0.891 0.879 0.867 0.857 0.856
s 1.087 10 18 1.208 1.055 0.933 0.866 0.828 0.890 0.973 1.055 1.120 1.136 1.125 1.107 1.044 0.940 0.828 0.646 0.473 0.327 0.206 0.116 0.070 0.034 0.015 0.006 0.000 0.011 0.034 0.065 0.101 0.143 0.193 0.248 0.305 0.363 0.419 0.470 0.526 0.588 0.654 0.730 0.827 0.925 1.025 1.115 1.200 1.286 1.370 1.431 1.488
s 1.289 12 16 1.449 1.362 1.289 1.228 1.212 1.216 1.241 1.271 1.282 1.281 1.245 1.202 1.107 1.012 0.889 0.781 0.694 0.620 0.552 0.481 0.404 0.301 0.189 0.075 0.000 0.119 0.225 0.289 0.348 0.356 0.366 0.416 0.473 0.542 0.613 0.688 0.766 0.843 0.918 0.989 1.054 1.117 1.178 1.239 1.307 1.383 1.466 1.547 1.627
s 1.640 17 11 1.982 1.897 1.810 1.727 1.644 1.560 1.476 1.388 1.296 1.202 1.106 1.006 0.902 0.801 0.708 0.619 0.538 0.458 0.380 0.302 0.226 0.154 0.083 0.015 0.000 0.002 0.050 0.132 0.306 0.517 0.725 0.928 1.088 1.200 1.297 1.383 1.460 1.525 1.573 1.584 1.590 1.584 1.576 1.604 1.636 1.671 1.711 1.764 1.824
s 0.711 16 12 0.534 0.511 0.487 0.465 0.443 0.426 0.408 0.384 0.359 0.338 0.316 0.297 0.277 0.252 0.228 0.208 0.189 0.169 0.148 0.124 0.099 0.074 0.050 0.025 0.000 -0.024 -0.048 -0.066 -0.085 -0.039 0.010 0.117 0.227 0.411 0.597 0.704 0.809 0.871 0.931 0.955 0.979 0.990 1.001 0.994 0.987 0.973 0.958 0.944 0.930
s 0.948 17 11 0.797 0.784 0.781 0.777 0.756 0.724 0.684 0.635 0.589 0.567 0.545 0.522 0.499 0.461 0.411 0.353 0.280 0.218 0.200 0.194 0.167 0.129 0.086 0.039 0.000 0.044 0.089 0.164 0.251 0.345 0.453 0.561 0.665 0.787 0.894 0.990 1.062 1.122 1.165 1.190 1.212 1.184 1.154 1.140 1.129 1.126 1.128 1.127 1.141
s 0.024 5 24 0.054 0.069 0.086 0.100 0.111 0.121 0.131 0.141 0.151 0.161 0.170 0.176 0.184 0.192 0.190 0.188 0.162 0.138 0.117 0.094 0.073 0.047 0.019 0.005 0.000 0.002 0.011 0.023 0.039 0.062 0.087 0.111 0.139 0.164 0.184 0.191 0.197 0.191 0.155 0.117 0.066 -0.005 -0.068 -0.085 -0.068 -0.062 -0.063 -0.063 -0.075
s 1.332 16 13 1.721 1.638 1.559 1.482 1.408 1.338 1.288 1.237 1.182 1.125 1.064 1.002 0.932 0.863 0.792 0.720 0.639 0.558 0.477 0.397 0.322 0.244 0.164 0.082 0.000 -0.074 -0.074 -0.070 -0.038 0.002 0.112 0.229 0.364 0.505 0.671 0.834 0.946 1.055 1.134 1.208 1.218 1.225 1.230 1.236 1.257 1.280 1.331 1.383 1.464
s 1.253 15 14 1.351 1.315 1.292 1.303 1.324 1.348 1.352 1.340 1.306 1.159 0.972 0.777 0.610 0.471 0.365 0.300 0.288 0.307 0.329 0.326 0.293 0.238 0.158 0.063 0.000 0.080 0.187 0.343 0.472 0.591 0.692 0.747 0.787 0.825 0.864 0.884 0.904 0.927 0.957 0.989 1.026 1.062 1.095 1.136 1.182 1.233 1.289 1.352 1.419
s 0.731 13 16 1.013 0.945 0.891 0.857 0.818 0.773 0.724 0.718 0.719 0.722 0.727 0.691 0.601 0.524 0.466 0.416 0.377 0.345 0.302 0.240 0.180 0.118 0.066 0.031 0.000 -0.018 -0.030 -0.033 -0.020 -0.013 -0.007 0.006 0.069 0.147 0.215 0.246 0.278 0.322 0.364 0.434 0.524 0.587 0.627 0.647 0.644 0.639 0.709 0.768 0.815
s 0.463 16 13 0.450 0.424 0.398 0.365 0.334 0.311 0.293 0.280 0.268 0.251 0.232 0.210 0.188 0.169 0.152 0.140 0.132 0.128 0.130 0.120 0.099 0.073 0.041 0.015 0.000 -0.009 -0.008 0.003 0.034 0.073 0.135 0.203 0.285 0.361 0.397 0.433 0.461 0.487 0.491 0.492 0.502 0.510 0.537 0.567 0.591 0.617 0.637 0.658 0.651
s 1.787 15 14 2.255 2.192 2.126 2.059 1.989 1.919 1.852 1.786 1.706 1.623 1.541 1.459 1.390 1.325 1.222 1.110 0.965 0.811 0.631 0.445 0.287 0.139 0.060 0.010 0.000 0.010 0.050 0.108 0.171 0.231 0.339 0.469 0.640 0.832 0.975 1.091 1.174 1.235 1.284 1.324 1.365 1.404 1.458 1.525 1.585 1.640 1.691 1.740 1.813
s 2.051 15 14 2.966 2.854 2.737 2.621 2.516 2.420 2.327 2.237 2.154 2.065 1.938 1.763 1.556 1.346 1.103 0.862 0.648 0.505 0.386 0.293 0.226 0.170 0.107 0.043 0.000 -0.018 -0.036 -0.043 -0.044 -0.034 0.040 0.148 0.325 0.523 0.717 0.902 1.083 1.220 1.326 1.419 1.425 1.452 1.491 1.534 1.587 1.630 1.683 1.761 1.861
s 0.819 10 19 0.751 0.656 0.571 0.494 0.436 0.381 0.340 0.318 0.319 0.351 0.398 0.408 0.405 0.389 0.373 0.308 0.255 0.216 0.154 0.101 0.061 0.026 0.007 0.006 0.000 0.003 0.006 0.010 0.016 0.026 0.047 0.080 0.135 0.203 0.279 0.343 0.409 0.473 0.532 0.589 0.647 0.716 0.882 1.057 1.202 1.286 1.357 1.414 1.452
s 0.651 13 17 0.629 0.590 0.556 0.529 0.508 0.506 0.504 0.497 0.488 0.471 0.450 0.414 0.377 0.334 0.290 0.237 0.184 0.137 0.092 0.066 0.041 0.026 0.011 0.005 0.000 0.011 0.024 0.043 0.063 0.092 0.123 0.158 0.194 0.237 0.282 0.334 0.388 0.445 0.504 0.561 0.617 0.668 0.718 0.758 0.793 0.826 0.857 0.884 0.910
s 0.886 14 16 1.033 1.018 1.010 0.999 0.979 0.960 0.928 0.888 0.850 0.815 0.792 0.776 0.762 0.740 0.653 0.552 0.462 0.388 0.319 0.274 0.229 0.174 0.106 0.044 0.000 0.032 0.072 0.117 0.170 0.221 0.269 0.315 0.359 0.401 0.442 0.481 0.520 0.557 0.593 0.628 0.663 0.698 0.731 0.762 0.792 0.821 0.848 0.872 0.896
s 2.468 14 16 2.712 2.628 2.564 2.516 2.486 2.471 2.490 2.528 2.490 2.396 2.227 1.996 1.649 1.196 0.848 0.610 0.414 0.262 0.130 0.024 -0.040 -0.052 -0.050 -0.029 0.000 0.042 0.090 0.148 0.217 0.307 0.404 0.517 0.639 0.784 0.948 1.158 1.358 1.533 1.695 1.819 1.941 2.057 2.174 2.298 2.421 2.542 2.659 2.761 2.861
s 0.839 14 16 0.973 0.939 0.896 0.872 0.881 0.907 0.942 0.928 0.908 0.835 0.748 0.675 0.609 0.555 0.519 0.483 0.419 0.355 0.282 0.209 0.153 0.112 0.075 0.037 0.000 -0.023 -0.038 -0.036 -0.015 0.018 0.072 0.140 0.203 0.265 0.328 0.387 0.448 0.506 0.558 0.603 0.649 0.696 0.745 0.772 0.773 0.773 0.769 0.768 0.795
s 1.534 17 13 1.365 1.289 1.223 1.164 1.107 1.053 0.998 0.945 0.885 0.824 0.765 0.706 0.650 0.596 0.534 0.462 0.392 0.336 0.278 0.251 0.227 0.172 0.101 0.042 0.000 -0.003 0.028 0.118 0.302 0.504 0.702 0.878 1.010 1.131 1.237 1.356 1.478 1.598 1.678 1.739 1.784 1.815 1.857 1.906 1.961 2.017 2.056 2.094 2.130
s 0.980 17 13 1.489 1.439 1.387 1.326 1.267 1.204 1.136 1.070 1.004 0.938 0.875 0.816 0.757 0.687 0.609 0.511 0.403 0.299 0.209 0.131 0.066 0.011 -0.025 -0.021 0.000 0.035 0.079 0.124 0.181 0.245 0.310 0.363 0.416 0.456 0.490 0.525 0.547 0.563 0.572 0.580 0.588 0.607 0.632 0.660 0.693 0.724 0.772 0.845 0.923
s 0.589 12 18 0.542 0.501 0.472 0.469 0.477 0.506 0.534 0.540 0.543 0.530 0.517 0.480 0.441 0.403 0.364 0.329 0.292 0.258 0.227 0.202 0.181 0.142 0.091 0.044 0.000 -0.029 -0.038 -0.037 -0.020 0.005 0.042 0.077 0.117 0.155 0.192 0.227 0.269 0.311 0.357 0.404 0.463 0.523 0.573 0.623 0.673 0.719 0.746 0.764 0.786
s 1.522 13 17 2.133 2.028 1.934 1.851 1.775 1.711 1.656 1.623 1.588 1.548 1.504 1.429 1.306 1.170 1.029 0.891 0.777 0.653 0.501 0.366 0.239 0.132 0.071 0.022 0.000 -0.009 0.007 0.034 0.075 0.133 0.196 0.272 0.349 0.429 0.514 0.598 0.686 0.759 0.831 0.907 0.982 1.055 1.123 1.191 1.269 1.344 1.421 1.494 1.581
s 1.327 17 13 1.386 1.321 1.258 1.197 1.132 1.060 0.988 0.937 0.889 0.852 0.821 0.780 0.728 0.674 0.618 0.561 0.494 0.425 0.337 0.249 0.165 0.080 0.025 -0.006 0.000 0.055 0.138 0.302 0.477 0.649 0.813 0.939 1.045 1.111 1.146 1.181 1.215 1.252 1.297 1.340 1.384 1.426 1.464 1.497 1.522 1.540 1.555 1.562 1.568
s 0.840 15 15 0.955 0.938 0.921 0.909 0.897 0.885 0.871 0.835 0.798 0.745 0.692 0.630 0.571 0.533 0.495 0.458 0.421 0.375 0.326 0.244 0.163 0.107 0.050 0.026 0.000 0.015 0.028 0.104 0.183 0.257 0.333 0.396 0.461 0.492 0.521 0.546 0.569 0.592 0.614 0.639 0.664 0.699 0.733 0.759 0.783 0.802 0.822 0.846 0.874
s 0.788 14 17 0.898 0.893 0.892 0.896 0.900 0.905 0.898 0.877 0.847 0.806 0.755 0.693 0.642 0.609 0.562 0.501 0.431 0.351 0.265 0.172 0.098 0.047 0.012 -0.003 0.000 0.026 0.052 0.078 0.105 0.130 0.156 0.183 0.214 0.250 0.286 0.320 0.354 0.389 0.426 0.465 0.506 0.551 0.595 0.639 0.681 0.721 0.758 0.792 0.827
s 1.437 17 14 1.695 1.614 1.537 1.461 1.387 1.309 1.225 1.144 1.066 0.986 0.905 0.821 0.731 0.642 0.555 0.472 0.397 0.326 0.263 0.205 0.153 0.103 0.052 0.015 0.000 0.020 0.106 0.215 0.368 0.521 0.672 0.814 0.944 1.044 1.080 1.114 1.148 1.180 1.212 1.242 1.271 1.307 1.361 1.417 1.486 1.557 1.640 1.721 1.801
s 1.225 13 18 1.245 1.226 1.208 1.188 1.169 1.149 1.127 1.101 1.073 1.040 1.002 0.953 0.901 0.841 0.779 0.710 0.635 0.538 0.439 0.336 0.236 0.149 0.072 0.029 0.000 0.022 0.048 0.086 0.127 0.174 0.226 0.295 0.364 0.435 0.507 0.582 0.656 0.723 0.789 0.850 0.914 0.999 1.086 1.182 1.282 1.406 1.529 1.615 1.704
s 1.058 16 15 1.386 1.306 1.238 1.213 1.193 1.172 1.115 1.054 0.986 0.926 0.868 0.807 0.748 0.688 0.625 0.561 0.498 0.426 0.356 0.292 0.219 0.159 0.093 0.026 0.000 -0.007 0.008 0.043 0.096 0.166 0.230 0.290 0.342 0.392 0.460 0.557 0.667 0.721 0.737 0.766 0.813 0.862 0.873 0.889 0.924 0.977 1.039 1.147 1.234
s 0.898 15 16 1.051 1.006 0.957 0.911 0.866 0.827 0.804 0.783 0.756 0.729 0.688 0.649 0.616 0.613 0.617 0.625 0.606 0.584 0.542 0.419 0.299 0.194 0.117 0.050 0.000 -0.035 -0.065 -0.054 -0.010 0.039 0.104 0.175 0.250 0.320 0.391 0.462 0.526 0.588 0.644 0.705 0.769 0.825 0.855 0.887 0.930 0.971 1.020 1.055 1.061
s 0.730 18 13 0.805 0.772 0.737 0.700 0.662 0.619 0.567 0.514 0.461 0.407 0.354 0.312 0.294 0.277 0.263 0.233 0.172 0.116 0.070 0.032 0.010 -0.006 -0.009 -0.008 0.000 0.017 0.053 0.092 0.137 0.190 0.259 0.321 0.369 0.412 0.444 0.494 0.580 0.665 0.749 0.794 0.763 0.742 0.740 0.754 0.798 0.842 0.886 0.930 0.973
s 1.670 15 16 1.960 1.921 1.867 1.815 1.769 1.706 1.649 1.580 1.505 1.420 1.366 1.332 1.292 1.204 1.095 0.984 0.869 0.748 0.614 0.477 0.361 0.236 0.132 0.055 0.000 0.001 0.031 0.084 0.163 0.250 0.332 0.417 0.508 0.604 0.717 0.838 0.956 1.049 1.139 1.217 1.297 1.367 1.440 1.508 1.571 1.647 1.752 1.855 1.949
s 0.963 14 17 1.150 1.145 1.146 1.131 1.113 1.091 1.066 1.037 1.002 0.965 0.925 0.882 0.841 0.802 0.751 0.708 0.638 0.577 0.467 0.318 0.188 0.096 0.023 0.010 0.000 0.018 0.038 0.064 0.089 0.114 0.139 0.165 0.191 0.223 0.278 0.338 0.387 0.437 0.484 0.532 0.590 0.660 0.725 0.776 0.812 0.847 0.881 0.927 0.974
s 0.686 15 16 0.787 0.757 0.729 0.700 0.672 0.643 0.617 0.595 0.573 0.550 0.527 0.502 0.476 0.452 0.427 0.402 0.376 0.335 0.292 0.245 0.195 0.140 0.083 0.040 0.000 -0.025 -0.044 -0.040 -0.027 -0.007 0.015 0.072 0.147 0.215 0.280 0.338 0.392 0.441 0.485 0.528 0.568 0.605 0.635 0.667 0.701 0.735 0.771 0.806 0.842
s 1.359 13 18 1.878 1.843 1.785 1.719 1.623 1.535 1.481 1.471 1.466 1.434 1.401 1.347 1.270 1.184 1.083 0.972 0.782 0.604 0.465 0.344 0.244 0.168 0.096 0.036 0.000 0.029 0.080 0.141 0.209 0.275 0.324 0.371 0.433 0.496 0.552 0.594 0.629 0.652 0.672 0.699 0.738 0.803 0.890 0.990 1.094 1.191 1.281 1.360 1.413
s 1.126 16 15 1.454 1.403 1.353 1.291 1.228 1.166 1.104 1.042 0.988 0.932 0.843 0.745 0.653 0.576 0.504 0.437 0.373 0.305 0.223 0.138 0.073 0.022 -0.012 -0.014 0.000 0.069 0.151 0.226 0.285 0.342 0.393 0.445 0.498 0.555 0.612 0.664 0.714 0.756 0.793 0.829 0.866 0.907 0.945 0.983 1.025 1.072 1.122 1.175 1.230
s 0.168 24 7 0.056 -0.013 -0.045 -0.098 -0.119 -0.072 0.015 0.121 0.242 0.359 0.440 0.493 0.526 0.488 0.429 0.355 0.277 0.222 0.180 0.142 0.099 0.074 0.037 0.013 0.000 -0.002 0.023 0.071 0.129 0.201 0.275 0.342 0.400 0.444 0.477 0.492 0.497 0.490 0.474 0.454 0.433 0.415 0.395 0.374 0.350 0.321 0.309 0.301 0.293
s 1.942 15 17 2.318 2.216 2.110 1.997 1.900 1.808 1.729 1.679 1.632 1.575 1.499 1.332 1.063 0.812 0.663 0.534 0.410 0.332 0.258 0.179 0.114 0.056 0.015 -0.011 0.000 0.117 0.227 0.322 0.408 0.488 0.559 0.648 0.751 0.853 0.923 1.002 1.089 1.167 1.262 1.373 1.490 1.613 1.740 1.859 1.984 2.116 2.200 2.270 2.347
s 0.876 17 15 0.921 0.902 0.877 0.849 0.817 0.779 0.731 0.679 0.613 0.544 0.469 0.394 0.320 0.247 0.176 0.106 0.067 0.031 0.010 -0.008 -0.016 -0.021 -0.019 -0.015 0.000 0.018 0.040 0.063 0.090 0.119 0.174 0.234 0.298 0.363 0.431 0.501 0.573 0.647 0.719 0.790 0.845 0.889 0.915 0.927 0.934 0.938 0.942 0.947 0.951
s 1.433 18 14 1.783 1.712 1.639 1.562 1.458 1.342 1.197 1.019 0.849 0.734 0.626 0.522 0.412 0.297 0.180 0.080 0.038 0.016 0.007 0.009 0.009 0.007 0.000 -0.011 0.000 0.084 0.175 0.305 0.434 0.565 0.693 0.796 0.849 0.898 0.954 1.006 1.052 1.092 1.130 1.171 1.208 1.243 1.290 1.345 1.408 1.473 1.537 1.600 1.629
s 0.818 14 18 1.016 1.000 0.992 0.990 0.992 0.986 0.974 0.947 0.898 0.845 0.800 0.751 0.697 0.635 0.560 0.472 0.381 0.281 0.172 0.064 0.017 -0.011 -0.017 -0.009 0.000 0.025 0.047 0.070 0.091 0.113 0.135 0.163 0.198 0.233 0.260 0.286 0.305 0.335 0.378 0.418 0.463 0.507 0.555 0.602 0.645 0.689 0.735 0.786 0.832
s 0.680 18 14 0.699 0.661 0.626 0.585 0.537 0.486 0.437 0.392 0.365 0.356 0.373 0.413 0.432 0.415 0.387 0.328 0.267 0.208 0.156 0.119 0.089 0.067 0.047 0.025 0.000 -0.020 -0.027 -0.027 -0.019 -0.009 0.007 0.024 0.072 0.129 0.245 0.374 0.509 0.646 0.750 0.807 0.841 0.851 0.852 0.840 0.823 0.797 0.770 0.767 0.775
s 1.109 17 15 1.379 1.335 1.293 1.232 1.162 1.091 1.016 0.937 0.854 0.806 0.771 0.774 0.785 0.779 0.755 0.700 0.622 0.527 0.450 0.381 0.309 0.243 0.160 0.068 0.000 -0.017 -0.016 0.069 0.197 0.331 0.371 0.341 0.288 0.274 0.271 0.340 0.497 0.676 0.793 0.878 0.935 0.979 1.021 1.041 1.056 1.081 1.125 1.178 1.238
s 0.505 18 14 0.821 0.760 0.699 0.642 0.587 0.536 0.489 0.444 0.402 0.366 0.341 0.320 0.304 0.290 0.272 0.254 0.228 0.200 0.165 0.125 0.076 0.021 0.004 -0.012 0.000 0.019 0.055 0.095 0.125 0.148 0.166 0.180 0.203 0.228 0.253 0.278 0.300 0.320 0.339 0.355 0.369 0.377 0.387 0.403 0.423 0.489 0.554 0.644 0.732
s 0.752 16 16 0.661 0.659 0.658 0.652 0.643 0.627 0.605 0.578 0.545 0.511 0.477 0.439 0.401 0.364 0.321 0.279 0.292 0.302 0.349 0.385 0.324 0.230 0.136 0.048 0.000 -0.009 -0.005 0.008 0.022 0.066 0.141 0.244 0.353 0.438 0.500 0.542 0.573 0.602 0.631 0.659 0.692 0.729 0.770 0.814 0.861 0.908 0.947 0.982 1.009
s 2.498 16 16 2.701 2.653 2.602 2.553 2.489 2.406 2.295 2.145 1.992 1.806 1.567 1.318 1.035 0.758 0.497 0.345 0.223 0.153 0.137 0.122 0.108 0.089 0.066 0.035 0.000 -0.029 -0.045 -0.029 0.016 0.071 0.153 0.278 0.422 0.646 0.905 1.162 1.384 1.594 1.786 1.952 2.100 2.224 2.329 2.421 2.506 2.593 2.680 2.764 2.849
s 1.779 15 17 1.960 1.920 1.882 1.848 1.806 1.757 1.707 1.650 1.578 1.494 1.400 1.296 1.177 1.042 0.885 0.709 0.486 0.206 -0.052 -0.225 -0.223 -0.169 -0.124 -0.067 0.000 0.090 0.236 0.399 0.507 0.598 0.672 0.710 0.751 0.806 0.879 0.947 1.015 1.086 1.170 1.253 1.342 1.434 1.541 1.644 1.752 1.848 1.925 2.002 2.087
s 3.383 15 17 4.134 4.080 4.013 3.942 3.840 3.730 3.599 3.454 3.293 3.113 2.918 2.692 2.460 2.216 1.963 1.721 1.440 1.135 0.822 0.525 0.260 0.087 0.024 -0.013 0.000 0.030 0.229 0.418 0.576 0.728 0.847 0.962 1.085 1.213 1.343 1.474 1.607 1.772 1.945 2.127 2.315 2.484 2.638 2.784 2.927 3.074 3.236 3.399 3.564
s 1.392 14 18 1.283 1.362 1.388 1.424 1.451 1.460 1.466 1.430 1.373 1.281 1.168 1.035 0.873 0.744 0.709 0.737 0.765 0.809 0.817 0.761 0.613 0.438 0.275 0.114 0.000 0.008 0.038 0.093 0.151 0.211 0.253 0.286 0.327 0.383 0.431 0.488 0.552 0.628 0.723 0.826 0.934 1.042 1.153 1.257 1.361 1.459 1.536 1.603 1.656
s 0.981 17 15 1.174 1.092 1.010 0.919 0.846 0.785 0.731 0.685 0.654 0.674 0.684 0.656 0.606 0.547 0.576 0.570 0.529 0.463 0.416 0.356 0.287 0.221 0.143 0.079 0.000 0.117 0.274 0.422 0.595 0.680 0.702 0.673 0.596 0.514 0.433 0.385 0.485 0.611 0.758 0.926 1.031 1.087 1.112 1.117 1.116 1.113 1.123 1.216 1.305
s 3.425 16 16 3.584 3.409 3.229 3.050 2.896 2.761 2.635 2.508 2.377 2.241 2.102 1.963 1.826 1.693 1.563 1.432 1.285 1.116 0.929 0.706 0.492 0.333 0.189 0.085 0.000 0.004 0.009 0.052 0.096 0.195 0.295 0.495 0.761 1.094 1.470 1.829 2.162 2.477 2.778 3.065 3.320 3.561 3.737 3.892 3.954 3.997 4.047 4.098 4.156
s 1.072 14 18 1.400 1.334 1.288 1.244 1.204 1.168 1.138 1.107 1.074 1.038 0.992 0.931 0.866 0.796 0.720 0.637 0.551 0.466 0.382 0.303 0.225 0.159 0.098 0.043 0.000 -0.038 -0.055 -0.070 -0.058 -0.052 -0.031 -0.006 0.042 0.101 0.175 0.275 0.373 0.451 0.529 0.578 0.627 0.703 0.779 0.858 0.939 1.023 1.108 1.192 1.274
s 1.298 17 15 1.295 1.255 1.221 1.181 1.122 1.061 0.992 0.920 0.844 0.770 0.702 0.637 0.571 0.503 0.431 0.362 0.295 0.238 0.186 0.139 0.097 0.057 0.027 -0.001 0.000 0.012 0.043 0.078 0.125 0.178 0.212 0.230 0.267 0.354 0.427 0.548 0.660 0.854 1.078 1.215 1.303 1.377 1.424 1.469 1.474 1.482 1.487 1.495 1.494
s 0.992 16 16 1.172 1.105 1.043 0.988 0.938 0.895 0.852 0.818 0.781 0.741 0.695 0.655 0.645 0.632 0.608 0.572 0.507 0.437 0.336 0.235 0.157 0.092 0.046 0.018 0.000 0.005 0.012 0.023 0.033 0.063 0.096 0.141 0.192 0.249 0.315 0.386 0.461 0.545 0.645 0.749 0.869 0.979 1.022 1.040 1.052 1.057 1.055 1.049 1.045
s 0.470 18 14 0.580 0.545 0.520 0.496 0.471 0.439 0.403 0.365 0.328 0.299 0.288 0.283 0.275 0.265 0.249 0.227 0.199 0.166 0.131 0.114 0.107 0.088 0.059 0.028 0.000 0.008 0.069 0.135 0.196 0.243 0.273 0.293 0.309 0.328 0.346 0.358 0.368 0.373 0.376 0.385 0.396 0.415 0.434 0.452 0.470 0.487 0.505 0.522 0.548
s 1.587 16 17 1.911 1.824 1.736 1.661 1.584 1.513 1.441 1.371 1.301 1.232 1.161 1.076 0.996 0.905 0.813 0.691 0.565 0.468 0.371 0.289 0.207 0.146 0.091 0.040 0.000 0.014 0.048 0.127 0.223 0.348 0.483 0.618 0.751 0.862 0.960 1.013 1.038 1.054 1.058 1.099 1.168 1.276 1.419 1.523 1.590 1.653 1.712 1.778 1.852
s 0.543 18 15 0.702 0.685 0.670 0.644 0.614 0.576 0.533 0.489 0.443 0.398 0.354 0.310 0.267 0.224 0.183 0.150 0.122 0.093 0.064 0.035 0.005 -0.012 -0.023 -0.016 0.000 0.027 0.061 0.101 0.144 0.194 0.246 0.287 0.323 0.343 0.355 0.360 0.361 0.366 0.372 0.381 0.391 0.405 0.421 0.444 0.472 0.506 0.544 0.588 0.637
s 1.457 16 17 1.949 1.874 1.803 1.718 1.638 1.561 1.490 1.414 1.337 1.236 1.128 1.023 0.919 0.812 0.699 0.580 0.454 0.330 0.216 0.116 0.045 -0.018 -0.042 -0.050 0.000 0.070 0.139 0.207 0.273 0.337 0.401 0.465 0.528 0.588 0.648 0.707 0.767 0.829 0.893 0.957 1.021 1.085 1.148 1.212 1.276 1.340 1.407 1.474 1.542
s 1.676 14 19 2.549 2.402 2.272 2.152 2.050 1.960 1.890 1.836 1.784 1.734 1.657 1.547 1.409 1.230 1.024 0.805 0.633 0.515 0.409 0.319 0.224 0.130 0.040 0.020 0.000 0.002 0.001 0.016 0.029 0.048 0.067 0.092 0.116 0.158 0.199 0.274 0.348 0.429 0.503 0.599 0.698 0.828 0.968 1.128 1.301 1.495 1.697 1.891 2.084
s 2.326 17 16 2.407 2.308 2.215 2.125 2.030 1.929 1.826 1.710 1.582 1.451 1.316 1.194 1.066 0.929 0.784 0.645 0.510 0.388 0.298 0.216 0.154 0.107 0.066 0.032 0.000 -0.012 0.008 0.032 0.085 0.148 0.231 0.341 0.449 0.592 0.782 1.011 1.259 1.523 1.787 2.037 2.291 2.395 2.459 2.532 2.623 2.708 2.783 2.853 2.915
s 0.496 17 16 0.618 0.616 0.616 0.597 0.573 0.541 0.502 0.461 0.420 0.382 0.347 0.313 0.279 0.246 0.216 0.185 0.157 0.132 0.108 0.087 0.066 0.045 0.027 0.013 0.000 0.003 0.013 0.026 0.043 0.060 0.097 0.130 0.161 0.188 0.214 0.238 0.260 0.283 0.304 0.324 0.342 0.359 0.380 0.400 0.420 0.438 0.459 0.478 0.491
s 1.624 15 18 2.087 1.978 1.882 1.813 1.781 1.768 1.747 1.682 1.592 1.472 1.299 1.084 0.860 0.684 0.532 0.380 0.259 0.176 0.107 0.083 0.066 0.045 0.030 0.013 0.000 -0.001 -0.002 0.016 0.054 0.099 0.168 0.240 0.315 0.444 0.583 0.721 0.833 0.934 1.012 1.059 1.114 1.172 1.254 1.348 1.467 1.593 1.703 1.797 1.888
s 1.355 17 16 1.459 1.339 1.254 1.186 1.129 1.076 1.013 0.935 0.846 0.743 0.638 0.522 0.422 0.365 0.321 0.264 0.196 0.099 -0.030 -0.124 -0.154 -0.170 -0.133 -0.090 0.000 0.087 0.202 0.325 0.418 0.493 0.537 0.556 0.548 0.502 0.496 0.589 0.689 0.846 1.003 1.183 1.348 1.430 1.485 1.536 1.582 1.634 1.694 1.763 1.839
s 2.596 17 16 3.030 2.881 2.761 2.680 2.595 2.501 2.376 2.206 2.015 1.786 1.533 1.235 0.973 0.764 0.556 0.355 0.198 0.157 0.117 0.081 0.048 0.024 0.006 0.001 0.000 0.008 0.032 0.102 0.177 0.272 0.387 0.578 0.772 0.982 1.198 1.443 1.672 1.815 1.952 2.056 2.159 2.253 2.350 2.471 2.598 2.781 2.960 3.128 3.295
s 1.129 17 16 1.873 1.807 1.745 1.683 1.607 1.528 1.436 1.341 1.256 1.177 1.117 1.065 1.018 0.972 0.917 0.856 0.802 0.757 0.678 0.572 0.418 0.217 0.079 0.015 0.000 0.051 0.128 0.242 0.316 0.320 0.325 0.326 0.329 0.334 0.342 0.361 0.381 0.410 0.442 0.484 0.526 0.571 0.613 0.632 0.650 0.696 0.740 0.847 0.955
s 2.859 16 17 3.442 3.282 3.127 2.970 2.813 2.691 2.582 2.466 2.339 2.210 2.043 1.866 1.681 1.494 1.304 1.121 0.943 0.721 0.504 0.309 0.138 0.021 -0.023 -0.036 0.000 0.049 0.112 0.186 0.288 0.420 0.565 0.727 0.893 1.077 1.268 1.453 1.633 1.807 1.963 2.115 2.270 2.424 2.582 2.744 2.905 3.056 3.191 3.303 3.399
s 2.811 17 16 3.152 3.018 2.882 2.724 2.566 2.406 2.245 2.102 1.960 1.853 1.745 1.637 1.529 1.417 1.309 1.194 1.071 0.908 0.736 0.571 0.411 0.282 0.166 0.073 0.000 0.009 0.101 0.275 0.556 0.827 1.068 1.282 1.457 1.621 1.761 1.894 1.978 2.069 2.211 2.351 2.501 2.650 2.794 2.934 3.055 3.171 3.246 3.314 3.366
s 0.946 17 16 1.397 1.335 1.270 1.203 1.131 1.061 0.987 0.914 0.852 0.791 0.729 0.660 0.589 0.540 0.497 0.456 0.418 0.369 0.293 0.220 0.159 0.105 0.057 0.036 0.000 -0.004 0.002 0.019 0.045 0.056 0.065 0.076 0.092 0.115 0.163 0.236 0.319 0.407 0.495 0.569 0.625 0.665 0.697 0.726 0.760 0.798 0.857 0.945 1.043
s 1.548 16 17 1.681 1.628 1.577 1.519 1.466 1.400 1.333 1.261 1.188 1.109 1.027 0.937 0.839 0.739 0.636 0.524 0.407 0.294 0.193 0.113 0.070 0.042 0.020 0.005 0.000 0.004 0.034 0.080 0.202 0.324 0.449 0.571 0.677 0.784 0.841 0.900 0.964 1.024 1.085 1.148 1.235 1.332 1.431 1.534 1.630 1.723 1.793 1.851 1.921
s 1.427 18 15 1.966 1.864 1.750 1.626 1.506 1.379 1.252 1.145 1.046 0.976 0.922 0.884 0.848 0.812 0.773 0.737 0.665 0.565 0.436 0.304 0.168 0.066 -0.032 -0.037 0.000 0.095 0.242 0.390 0.525 0.606 0.628 0.636 0.656 0.745 0.871 0.928 0.999 1.006 1.038 1.095 1.111 1.145 1.197 1.277 1.348 1.389 1.431 1.478 1.532
s 1.000 16 17 1.300 1.232 1.176 1.141 1.107 1.074 1.036 0.995 0.942 0.868 0.798 0.731 0.668 0.608 0.551 0.497 0.451 0.422 0.387 0.340 0.287 0.219 0.147 0.069 0.000 -0.045 -0.081 -0.091 -0.088 -0.050 -0.007 0.047 0.102 0.158 0.215 0.273 0.336 0.419 0.502 0.584 0.664 0.736 0.803 0.848 0.893 0.941 0.995 1.067 1.144
s 1.419 15 18 1.907 1.827 1.744 1.662 1.581 1.496 1.441 1.401 1.354 1.294 1.240 1.157 1.075 0.978 0.854 0.748 0.650 0.542 0.431 0.321 0.214 0.130 0.049 0.016 0.000 0.006 0.034 0.063 0.103 0.139 0.161 0.164 0.155 0.170 0.205 0.304 0.440 0.588 0.733 0.846 0.920 0.987 1.065 1.159 1.257 1.358 1.464 1.562 1.652
s 1.181 17 16 1.607 1.538 1.474 1.409 1.338 1.264 1.182 1.093 0.987 0.886 0.803 0.726 0.662 0.600 0.545 0.488 0.445 0.400 0.342 0.281 0.211 0.138 0.062 -0.011 0.000 0.035 0.085 0.142 0.201 0.260 0.301 0.333 0.374 0.422 0.476 0.533 0.592 0.652 0.713 0.773 0.830 0.882 0.931 0.977 1.024 1.086 1.147 1.210 1.273
s 2.114 17 16 2.596 2.453 2.324 2.199 2.084 1.971 1.850 1.732 1.615 1.502 1.398 1.285 1.156 1.027 0.903 0.778 0.660 0.518 0.380 0.263 0.162 0.082 0.023 0.006 0.000 0.050 0.147 0.294 0.467 0.623 0.750 0.867 0.968 1.063 1.174 1.315 1.453 1.551 1.648 1.710 1.773 1.863 1.958 2.050 2.145 2.239 2.347 2.460 2.571
s 2.245 16 17 2.736 2.639 2.539 2.438 2.337 2.239 2.146 2.056 1.962 1.849 1.727 1.586 1.436 1.290 1.076 0.843 0.625 0.452 0.302 0.180 0.114 0.060 0.019 0.004 0.000 0.003 0.030 0.072 0.147 0.230 0.297 0.407 0.617 0.868 1.114 1.280 1.405 1.487 1.545 1.595 1.671 1.779 1.935 2.055 2.152 2.238 2.318 2.401 2.494
s 1.963 17 16 2.187 2.110 2.033 1.942 1.833 1.727 1.621 1.528 1.448 1.373 1.303 1.238 1.178 1.120 1.064 1.005 0.942 0.805 0.586 0.391 0.221 0.098 0.027 -0.007 0.000 0.029 0.082 0.199 0.385 0.568 0.747 0.892 0.999 1.101 1.198 1.290 1.376 1.462 1.547 1.633 1.719 1.807 1.898 1.993 2.092 2.198 2.312 2.414 2.504
s 1.399 17 16 1.893 1.770 1.658 1.548 1.448 1.350 1.254 1.159 1.064 0.971 0.877 0.784 0.691 0.601 0.527 0.459 0.396 0.335 0.277 0.218 0.164 0.110 0.065 0.022 0.000 -0.014 0.005 0.038 0.101 0.179 0.264 0.352 0.443 0.536 0.624 0.710 0.793 0.875 0.951 1.024 1.088 1.148 1.212 1.279 1.349 1.421 1.494 1.570 1.642
s 2.795 17 16 3.114 2.960 2.809 2.660 2.516 2.373 2.234 2.093 1.954 1.820 1.680 1.529 1.375 1.212 1.046 0.893 0.722 0.529 0.334 0.145 0.001 -0.074 -0.081 -0.068 0.000 0.060 0.207 0.362 0.531 0.710 0.864 0.994 1.138 1.303 1.475 1.682 1.877 2.055 2.235 2.413 2.588 2.731 2.851 2.967 3.074 3.179 3.258 3.335 3.424
s 1.094 18 15 1.300 1.244 1.188 1.130 1.068 0.990 0.908 0.831 0.758 0.695 0.638 0.591 0.553 0.518 0.485 0.451 0.410 0.363 0.298 0.217 0.130 0.055 -0.005 -0.011 0.000 0.035 0.088 0.154 0.231 0.313 0.389 0.469 0.545 0.616 0.679 0.733 0.781 0.826 0.870 0.921 0.972 1.017 1.056 1.092 1.120 1.149 1.216 1.290 1.374
s 1.232 17 16 1.670 1.530 1.388 1.264 1.147 1.074 1.008 0.920 0.821 0.717 0.611 0.508 0.409 0.331 0.273 0.224 0.185 0.150 0.118 0.079 0.035 -0.001 -0.012 -0.018 0.000 0.022 0.070 0.121 0.188 0.255 0.322 0.390 0.465 0.542 0.640 0.740 0.829 0.913 0.985 1.051 1.107 1.156 1.206 1.258 1.317 1.384 1.452 1.519 1.581
s 1.503 18 15 1.856 1.700 1.554 1.438 1.327 1.227 1.107 0.926 0.766 0.669 0.578 0.513 0.452 0.411 0.356 0.256 0.162 0.088 0.021 -0.022 -0.053 -0.047 -0.039 -0.022 0.000 0.039 0.087 0.165 0.247 0.342 0.440 0.553 0.668 0.794 0.919 1.049 1.169 1.254 1.335 1.398 1.460 1.514 1.569 1.624 1.678 1.732 1.784 1.835 1.889
s 1.496 17 17 1.563 1.450 1.349 1.263 1.193 1.131 1.074 1.003 0.916 0.820 0.717 0.614 0.512 0.418 0.324 0.228 0.127 0.018 -0.081 -0.159 -0.178 -0.149 -0.115 -0.063 0.000 0.074 0.161 0.252 0.340 0.425 0.495 0.549 0.597 0.634 0.695 0.761 0.833 0.940 1.073 1.197 1.326 1.464 1.597 1.712 1.799 1.843 1.863 1.871 1.868
s 1.904 17 17 2.499 2.389 2.272 2.150 2.025 1.900 1.787 1.674 1.562 1.450 1.318 1.183 1.032 0.877 0.701 0.527 0.395 0.271 0.166 0.068 0.019 -0.016 -0.028 -0.034 0.000 0.047 0.138 0.248 0.384 0.534 0.650 0.745 0.834 0.920 0.995 1.057 1.123 1.192 1.264 1.338 1.419 1.511 1.603 1.696 1.784 1.870 1.959 2.054 2.151
s 0.738 18 16 1.132 1.062 0.982 0.891 0.798 0.725 0.654 0.586 0.525 0.469 0.410 0.352 0.303 0.255 0.213 0.174 0.133 0.096 0.060 0.016 -0.020 -0.033 -0.029 -0.021 0.000 0.029 0.068 0.117 0.172 0.241 0.291 0.328 0.340 0.350 0.354 0.357 0.372 0.396 0.439 0.494 0.553 0.587 0.616 0.643 0.678 0.717 0.774 0.854 0.935
s 0.845 17 17 1.032 0.986 0.941 0.895 0.848 0.800 0.752 0.710 0.670 0.645 0.619 0.596 0.573 0.551 0.528 0.493 0.457 0.415 0.370 0.308 0.246 0.183 0.120 0.057 0.000 0.004 0.010 0.042 0.078 0.135 0.192 0.243 0.293 0.334 0.375 0.420 0.465 0.514 0.562 0.610 0.658 0.706 0.753 0.798 0.842 0.901 0.960 1.037 1.112
s 1.854 18 16 2.159 2.055 1.938 1.822 1.702 1.575 1.457 1.353 1.262 1.188 1.110 1.013 0.912 0.784 0.645 0.524 0.423 0.325 0.237 0.150 0.087 0.025 0.005 -0.002 0.000 0.011 0.023 0.039 0.061 0.086 0.115 0.215 0.354 0.519 0.702 0.892 1.078 1.264 1.394 1.524 1.644 1.749 1.841 1.924 2.006 2.094 2.179 2.275 2.372
s 1.632 17 17 2.036 1.938 1.842 1.773 1.704 1.625 1.546 1.452 1.358 1.267 1.176 1.088 0.997 0.876 0.755 0.637 0.520 0.417 0.315 0.240 0.165 0.112 0.060 0.029 0.000 -0.013 -0.019 0.071 0.161 0.259 0.358 0.466 0.576 0.710 0.843 0.988 1.123 1.117 1.112 1.132 1.156 1.257 1.358 1.459 1.561 1.664 1.767 1.872 1.979
s 1.652 18 16 1.941 1.776 1.609 1.458 1.309 1.185 1.062 0.973 0.885 0.793 0.700 0.614 0.530 0.476 0.430 0.398 0.371 0.339 0.305 0.258 0.208 0.141 0.068 0.028 0.000 0.006 0.026 0.083 0.156 0.255 0.366 0.486 0.611 0.735 0.861 0.994 1.130 1.261 1.387 1.499 1.599 1.686 1.764 1.869 1.994 2.126 2.260 2.369 2.450
s 0.855 17 17 0.967 0.910 0.853 0.803 0.754 0.713 0.673 0.633 0.594 0.551 0.507 0.459 0.411 0.368 0.324 0.279 0.233 0.188 0.143 0.099 0.055 0.033 0.017 0.008 0.000 -0.003 -0.005 0.013 0.040 0.080 0.127 0.182 0.242 0.305 0.370 0.433 0.495 0.556 0.617 0.678 0.739 0.796 0.849 0.903 0.957 1.012 1.066 1.119 1.173
s 0.912 15 19 1.512 1.455 1.398 1.342 1.286 1.234 1.183 1.134 1.083 1.030 0.974 0.916 0.858 0.796 0.726 0.648 0.568 0.482 0.395 0.282 0.161 0.087 0.025 0.003 0.000 0.016 0.042 0.062 0.082 0.100 0.118 0.134 0.146 0.158 0.163 0.164 0.160 0.153 0.165 0.184 0.237 0.310 0.395 0.482 0.537 0.568 0.604 0.640 0.697
s 0.822 16 18 0.853 0.805 0.760 0.716 0.675 0.636 0.601 0.571 0.541 0.511 0.479 0.445 0.408 0.367 0.321 0.269 0.232 0.216 0.207 0.209 0.182 0.116 0.058 0.013 0.000 0.040 0.079 0.118 0.157 0.195 0.237 0.284 0.331 0.378 0.423 0.466 0.509 0.550 0.592 0.632 0.681 0.748 0.819 0.898 0.969 1.021 1.071 1.118 1.162
s 0.611 19 15 0.683 0.634 0.554 0.461 0.377 0.307 0.249 0.197 0.176 0.169 0.174 0.183 0.193 0.195 0.185 0.170 0.148 0.106 0.060 0.018 -0.029 -0.053 -0.037 -0.021 0.000 0.041 0.084 0.135 0.191 0.249 0.303 0.354 0.406 0.455 0.502 0.548 0.587 0.626 0.663 0.697 0.728 0.754 0.782 0.813 0.844 0.875 0.906 0.933 0.960
s 1.832 17 17 2.392 2.290 2.186 2.068 1.950 1.819 1.693 1.625 1.557 1.509 1.459 1.383 1.305 1.217 1.129 1.019 0.908 0.792 0.672 0.546 0.419 0.301 0.185 0.091 0.000 0.005 0.024 0.057 0.094 0.152 0.216 0.289 0.366 0.448 0.532 0.648 0.773 0.910 1.050 1.207 1.367 1.482 1.582 1.653 1.714 1.816 1.936 2.060 2.187
s 1.130 15 19 1.497 1.395 1.320 1.258 1.205 1.159 1.117 1.074 1.020 0.964 0.912 0.870 0.806 0.721 0.647 0.581 0.514 0.449 0.386 0.321 0.255 0.192 0.130 0.063 0.000 -0.047 -0.078 -0.083 -0.080 -0.065 -0.037 -0.014 0.041 0.106 0.218 0.344 0.455 0.511 0.564 0.613 0.665 0.731 0.830 0.937 1.055 1.174 1.308 1.457 1.577
s 1.364 15 19 1.773 1.764 1.755 1.724 1.689 1.652 1.601 1.545 1.462 1.371 1.265 1.149 1.016 0.835 0.665 0.526 0.402 0.297 0.242 0.195 0.146 0.099 0.059 0.028 0.000 -0.014 -0.016 -0.014 -0.008 0.001 0.033 0.076 0.135 0.183 0.232 0.281 0.328 0.389 0.456 0.526 0.624 0.723 0.829 0.931 1.039 1.159 1.284 1.435 1.581
s 1.967 17 17 2.485 2.373 2.257 2.129 1.992 1.886 1.778 1.661 1.548 1.436 1.324 1.211 1.078 0.939 0.761 0.576 0.410 0.267 0.163 0.111 0.069 0.065 0.051 0.028 0.000 -0.003 0.006 0.032 0.103 0.183 0.257 0.333 0.410 0.485 0.558 0.635 0.730 0.889 1.079 1.255 1.423 1.561 1.688 1.815 1.942 2.066 2.182 2.292 2.399
s 1.434 18 16 1.637 1.560 1.481 1.395 1.304 1.207 1.108 1.011 0.919 0.837 0.758 0.685 0.611 0.532 0.446 0.360 0.277 0.194 0.129 0.071 0.037 0.011 -0.006 -0.016 0.000 0.053 0.114 0.195 0.280 0.394 0.500 0.583 0.663 0.737 0.810 0.883 0.965 1.045 1.122 1.200 1.270 1.344 1.416 1.490 1.564 1.640 1.720 1.796 1.866
s 0.865 16 18 1.039 0.987 0.940 0.889 0.841 0.798 0.758 0.721 0.683 0.647 0.619 0.595 0.579 0.560 0.509 0.443 0.370 0.297 0.233 0.175 0.126 0.083 0.047 0.013 0.000 0.005 0.018 0.039 0.065 0.099 0.134 0.170 0.207 0.250 0.291 0.340 0.391 0.445 0.502 0.570 0.641 0.709 0.772 0.832 0.890 0.950 1.010 1.071 1.128
s 1.247 18 16 1.383 1.337 1.290 1.217 1.135 1.052 0.970 0.892 0.825 0.756 0.679 0.602 0.519 0.437 0.350 0.258 0.164 0.071 -0.019 -0.095 -0.162 -0.166 -0.151 -0.090 0.000 0.078 0.118 0.156 0.187 0.218 0.270 0.332 0.404 0.480 0.558 0.631 0.709 0.811 0.910 1.013 1.111 1.178 1.234 1.294 1.359 1.426 1.488 1.552 1.624
s 1.560 16 18 2.146 2.090 2.024 1.953 1.877 1.790 1.704 1.629 1.556 1.482 1.408 1.333 1.254 1.160 1.063 0.958 0.846 0.727 0.592 0.443 0.318 0.212 0.120 0.057 0.000 -0.026 -0.023 -0.018 0.011 0.058 0.116 0.201 0.292 0.369 0.442 0.518 0.590 0.663 0.736 0.809 0.881 0.960 1.045 1.139 1.244 1.346 1.442 1.538 1.640
s 1.945 17 17 2.506 2.378 2.251 2.127 2.004 1.890 1.778 1.661 1.548 1.425 1.301 1.171 1.036 0.896 0.752 0.630 0.528 0.429 0.332 0.227 0.106 0.014 -0.017 -0.027 0.000 0.035 0.100 0.179 0.273 0.350 0.453 0.556 0.662 0.771 0.886 1.005 1.106 1.191 1.277 1.365 1.457 1.553 1.656 1.769 1.886 2.014 2.141 2.266 2.389
s 0.925 16 18 1.330 1.260 1.207 1.154 1.103 1.056 1.012 0.971 0.920 0.847 0.775 0.707 0.627 0.548 0.467 0.388 0.302 0.209 0.108 0.017 -0.017 -0.032 -0.031 -0.019 0.000 0.027 0.057 0.074 0.093 0.111 0.126 0.139 0.146 0.153 0.172 0.189 0.222 0.263 0.316 0.377 0.449 0.542 0.630 0.691 0.746 0.804 0.865 0.933 1.009
s 0.887 19 15 0.783 0.667 0.555 0.451 0.368 0.319 0.286 0.257 0.262 0.277 0.289 0.294 0.298 0.294 0.286 0.270 0.247 0.219 0.181 0.128 0.079 0.033 -0.006 -0.011 0.000 0.046 0.141 0.228 0.301 0.373 0.432 0.486 0.554 0.646 0.737 0.828 0.916 0.996 1.072 1.142 1.200 1.258 1.306 1.354 1.406 1.460 1.517 1.581 1.649
s 2.413 18 16 2.808 2.646 2.484 2.317 2.149 1.975 1.807 1.673 1.542 1.413 1.280 1.142 0.999 0.851 0.698 0.542 0.383 0.241 0.130 0.032 -0.038 -0.086 -0.065 -0.044 0.000 0.058 0.182 0.305 0.453 0.606 0.781 0.965 1.114 1.246 1.374 1.499 1.631 1.772 1.908 2.040 2.172 2.304 2.435 2.556 2.676 2.791 2.906 3.026 3.143
s 1.238 16 18 1.482 1.446 1.412 1.368 1.325 1.280 1.229 1.173 1.108 1.043 0.975 0.906 0.836 0.766 0.690 0.603 0.522 0.446 0.372 0.300 0.223 0.143 0.084 0.030 0.000 -0.020 -0.029 -0.018 -0.003 0.008 0.015 0.047 0.095 0.164 0.259 0.353 0.475 0.594 0.673 0.740 0.810 0.887 0.968 1.060 1.151 1.225 1.280 1.325 1.354
s 2.254 19 15 3.231 3.079 2.727 2.341 2.023 1.720 1.552 1.405 1.332 1.285 1.237 1.194 1.131 1.070 1.006 0.947 0.882 0.820 0.700 0.548 0.398 0.248 0.118 0.001 0.000 0.093 0.252 0.467 0.693 0.926 1.115 1.252 1.335 1.359 1.415 1.502 1.615 1.757 1.889 1.998 2.099 2.196 2.288 2.384 2.484 2.606 2.727 2.858 2.992
s 1.263 17 17 1.355 1.239 1.132 1.035 0.950 0.883 0.821 0.763 0.704 0.639 0.567 0.508 0.450 0.404 0.363 0.300 0.225 0.151 0.078 0.008 -0.047 -0.098 -0.088 -0.064 0.000 0.077 0.159 0.244 0.330 0.413 0.485 0.548 0.614 0.681 0.751 0.820 0.891 0.962 1.035 1.109 1.188 1.275 1.369 1.470 1.576 1.681 1.756 1.826 1.875
s 1.129 19 15 1.464 1.395 1.328 1.251 1.136 1.011 0.900 0.811 0.730 0.682 0.639 0.602 0.574 0.555 0.540 0.527 0.515 0.498 0.472 0.424 0.340 0.237 0.120 0.030 0.000 0.002 0.073 0.229 0.414 0.575 0.686 0.762 0.796 0.809 0.792 0.776 0.784 0.821 0.856 0.903 0.960 1.001 1.032 1.072 1.122 1.184 1.267 1.356 1.441
s 1.046 17 17 1.461 1.433 1.404 1.367 1.329 1.279 1.226 1.132 1.040 0.945 0.851 0.761 0.672 0.620 0.568 0.510 0.453 0.391 0.330 0.262 0.194 0.136 0.080 0.038 0.000 -0.024 -0.044 -0.048 -0.048 -0.027 0.001 0.044 0.091 0.154 0.224 0.289 0.352 0.414 0.473 0.529 0.582 0.637 0.693 0.734 0.762 0.786 0.806 0.833 0.865
s 2.362 17 17 2.512 2.352 2.220 2.089 1.971 1.857 1.760 1.666 1.570 1.472 1.370 1.265 1.165 1.076 0.983 0.888 0.785 0.670 0.555 0.440 0.325 0.212 0.110 0.051 0.000 -0.011 -0.013 0.145 0.318 0.506 0.701 0.898 1.095 1.247 1.378 1.488 1.595 1.709 1.824 1.954 2.099 2.264 2.455 2.624 2.753 2.872 2.970 3.067 3.169
s 1.477 17 17 1.485 1.414 1.368 1.318 1.264 1.205 1.141 1.052 0.949 0.842 0.738 0.645 0.560 0.479 0.402 0.329 0.260 0.192 0.128 0.065 0.004 -0.029 -0.024 -0.015 0.000 0.020 0.050 0.088 0.141 0.205 0.289 0.380 0.480 0.578 0.675 0.776 0.895 1.010 1.120 1.229 1.335 1.442 1.530 1.618 1.691 1.764 1.833 1.901 1.966
s 1.563 17 17 1.772 1.679 1.587 1.502 1.421 1.343 1.267 1.191 1.116 1.029 0.946 0.865 0.787 0.714 0.644 0.577 0.509 0.432 0.348 0.269 0.192 0.121 0.067 0.026 0.000 0.005 0.034 0.082 0.150 0.247 0.344 0.440 0.542 0.637 0.731 0.832 0.924 1.012 1.106 1.204 1.301 1.400 1.497 1.599 1.706 1.779 1.851 1.924 1.994
s 0.969 15 19 1.086 1.052 1.022 1.006 0.989 0.965 0.939 0.904 0.865 0.807 0.744 0.655 0.566 0.478 0.393 0.323 0.263 0.251 0.236 0.202 0.165 0.114 0.065 0.026 0.000 0.029 0.064 0.124 0.186 0.261 0.326 0.346 0.363 0.368 0.372 0.375 0.387 0.446 0.504 0.557 0.613 0.678 0.750 0.847 0.948 1.070 1.188 1.294 1.396
s 1.318 17 17 1.580 1.509 1.431 1.343 1.258 1.183 1.107 1.036 0.973 0.913 0.851 0.797 0.741 0.656 0.577 0.500 0.423 0.346 0.264 0.182 0.103 0.043 0.018 0.001 0.000 0.015 0.037 0.066 0.095 0.126 0.160 0.197 0.229 0.291 0.380 0.485 0.602 0.746 0.886 0.992 1.077 1.149 1.187 1.268 1.377 1.474 1.547 1.626 1.705
s 1.079 17 17 1.369 1.336 1.279 1.219 1.156 1.094 1.031 0.957 0.880 0.788 0.691 0.586 0.477 0.394 0.327 0.267 0.223 0.183 0.156 0.131 0.106 0.079 0.052 0.024 0.000 -0.019 -0.036 -0.032 -0.024 0.021 0.077 0.145 0.220 0.298 0.374 0.446 0.509 0.569 0.629 0.689 0.750 0.812 0.878 0.941 1.003 1.058 1.113 1.168 1.227
s 0.878 17 18 1.040 0.981 0.924 0.867 0.812 0.761 0.710 0.662 0.609 0.556 0.497 0.435 0.374 0.322 0.273 0.231 0.193 0.156 0.125 0.095 0.069 0.044 0.022 0.010 0.000 -0.006 -0.010 -0.010 -0.005 0.013 0.046 0.082 0.126 0.175 0.227 0.278 0.333 0.392 0.454 0.520 0.595 0.678 0.765 0.853 0.943 1.019 1.097 1.169 1.242
s 2.294 18 17 2.837 2.701 2.576 2.439 2.302 2.160 2.006 1.833 1.644 1.440 1.222 1.012 0.805 0.614 0.440 0.311 0.241 0.185 0.146 0.116 0.093 0.071 0.045 0.020 0.000 -0.009 -0.018 -0.004 0.013 0.111 0.249 0.413 0.653 0.884 1.078 1.259 1.424 1.571 1.659 1.714 1.777 1.874 1.978 2.126 2.285 2.453 2.617 2.774 2.921
s 1.514 17 18 2.269 2.172 2.075 1.980 1.882 1.782 1.684 1.581 1.479 1.368 1.255 1.141 1.025 0.907 0.791 0.673 0.553 0.436 0.335 0.230 0.155 0.082 0.038 0.004 0.000 0.014 0.025 0.037 0.051 0.078 0.105 0.156 0.204 0.265 0.327 0.394 0.465 0.540 0.618 0.698 0.780 0.865 0.955 1.050 1.146 1.246 1.347 1.453 1.560
s 0.991 16 19 1.579 1.508 1.429 1.364 1.297 1.233 1.171 1.115 1.077 1.037 0.995 0.948 0.871 0.786 0.702 0.618 0.530 0.431 0.322 0.234 0.153 0.097 0.044 0.010 0.000 0.016 0.046 0.075 0.146 0.210 0.260 0.301 0.329 0.346 0.357 0.354 0.345 0.322 0.301 0.328 0.374 0.436 0.510 0.597 0.685 0.778 0.893 1.017 1.168
s 1.572 17 18 2.087 1.999 1.903 1.806 1.702 1.599 1.504 1.410 1.309 1.208 1.091 0.973 0.826 0.677 0.519 0.359 0.212 0.068 -0.048 -0.151 -0.147 -0.112 -0.075 -0.038 0.000 0.038 0.075 0.111 0.149 0.188 0.228 0.268 0.310 0.355 0.412 0.485 0.564 0.642 0.725 0.820 0.926 1.060 1.189 1.320 1.441 1.544 1.638 1.709 1.784
s 1.034 17 18 1.465 1.375 1.292 1.208 1.126 1.055 0.985 0.913 0.839 0.766 0.691 0.623 0.561 0.503 0.451 0.399 0.347 0.297 0.246 0.195 0.144 0.096 0.056 0.025 0.000 -0.000 0.005 0.011 0.020 0.031 0.047 0.075 0.108 0.153 0.208 0.266 0.330 0.408 0.484 0.559 0.638 0.714 0.790 0.868 0.941 1.013 1.087 1.158 1.231
s 1.408 17 18 1.608 1.535 1.469 1.395 1.326 1.247 1.173 1.088 0.991 0.893 0.793 0.701 0.609 0.519 0.435 0.356 0.283 0.217 0.155 0.109 0.066 0.029 0.001 -0.017 0.000 0.019 0.047 0.080 0.123 0.182 0.237 0.296 0.354 0.416 0.482 0.556 0.647 0.741 0.841 0.942 1.047 1.155 1.263 1.375 1.489 1.600 1.709 1.809 1.904
s 1.702 17 18 2.200 2.158 2.093 2.025 1.945 1.869 1.774 1.683 1.508 1.317 1.175 1.041 0.904 0.767 0.616 0.461 0.350 0.265 0.199 0.148 0.107 0.077 0.047 0.019 0.000 -0.008 -0.004 0.025 0.064 0.134 0.201 0.260 0.321 0.384 0.448 0.521 0.596 0.706 0.816 0.923 1.032 1.143 1.255 1.360 1.459 1.524 1.569 1.627 1.696
s 0.485 19 16 0.691 0.648 0.605 0.561 0.517 0.465 0.412 0.362 0.313 0.266 0.226 0.201 0.214 0.230 0.240 0.238 0.226 0.216 0.206 0.184 0.141 0.078 0.028 0.006 0.000 0.004 0.023 0.048 0.102 0.163 0.203 0.237 0.261 0.277 0.290 0.298 0.303 0.305 0.307 0.333 0.375 0.407 0.429 0.444 0.454 0.471 0.512 0.561 0.613
s 0.774 18 17 0.899 0.861 0.826 0.788 0.735 0.679 0.618 0.552 0.488 0.432 0.397 0.369 0.344 0.312 0.281 0.247 0.208 0.168 0.132 0.088 0.053 0.027 0.010 0.001 0.000 0.007 0.020 0.040 0.072 0.112 0.156 0.208 0.265 0.315 0.358 0.400 0.444 0.488 0.532 0.576 0.620 0.669 0.719 0.767 0.814 0.857 0.909 0.981 1.050
s 0.874 17 18 1.186 1.128 1.070 1.010 0.948 0.886 0.824 0.761 0.696 0.625 0.555 0.491 0.428 0.365 0.305 0.250 0.198 0.150 0.106 0.062 0.032 0.013 -0.002 -0.003 0.000 0.007 0.019 0.035 0.053 0.070 0.088 0.110 0.144 0.184 0.226 0.273 0.321 0.369 0.417 0.468 0.522 0.578 0.642 0.718 0.799 0.882 0.963 1.041 1.116
s 1.186 18 17 1.318 1.228 1.134 1.039 0.947 0.863 0.789 0.732 0.683 0.641 0.599 0.552 0.496 0.438 0.382 0.322 0.262 0.199 0.137 0.084 0.034 -0.006 -0.041 -0.033 0.000 0.046 0.096 0.135 0.165 0.192 0.236 0.283 0.334 0.388 0.447 0.526 0.604 0.713 0.820 0.944 1.067 1.167 1.247 1.333 1.424 1.523 1.621 1.707 1.773
s 1.512 17 18 1.957 1.872 1.784 1.688 1.590 1.493 1.393 1.284 1.176 1.081 0.989 0.912 0.837 0.791 0.737 0.661 0.583 0.497 0.408 0.328 0.253 0.178 0.105 0.047 0.000 -0.037 -0.068 -0.091 -0.096 -0.094 -0.060 -0.022 0.038 0.103 0.214 0.322 0.404 0.491 0.605 0.721 0.891 1.065 1.213 1.348 1.435 1.501 1.543 1.570 1.659
s 0.853 18 17 1.089 1.040 0.991 0.941 0.892 0.834 0.765 0.700 0.635 0.572 0.517 0.469 0.425 0.385 0.339 0.292 0.239 0.177 0.119 0.077 0.051 0.025 0.006 -0.003 0.000 0.026 0.067 0.122 0.171 0.214 0.244 0.279 0.315 0.349 0.382 0.419 0.461 0.509 0.554 0.593 0.631 0.671 0.716 0.764 0.814 0.866 0.917 0.972 1.036
s 0.682 18 17 0.755 0.694 0.634 0.582 0.534 0.491 0.451 0.414 0.380 0.344 0.307 0.270 0.233 0.193 0.157 0.126 0.093 0.058 0.025 -0.003 -0.017 -0.027 -0.025 -0.016 0.000 0.021 0.047 0.086 0.126 0.168 0.213 0.258 0.315 0.378 0.435 0.479 0.520 0.550 0.581 0.616 0.656 0.698 0.744 0.788 0.830 0.871 0.912 0.956 1.001
s 2.456 17 18 3.295 3.136 2.987 2.826 2.664 2.497 2.359 2.142 1.844 1.520 1.206 0.928 0.751 0.585 0.449 0.326 0.220 0.135 0.073 0.031 0.000 -0.018 -0.023 -0.017 0.000 0.033 0.078 0.125 0.181 0.238 0.313 0.402 0.498 0.600 0.719 0.886 1.045 1.192 1.334 1.479 1.631 1.788 1.945 2.097 2.248 2.412 2.589 2.750 2.891
s 0.955 17 18 1.719 1.654 1.577 1.494 1.401 1.301 1.215 1.140 1.072 1.010 0.953 0.901 0.841 0.771 0.699 0.623 0.544 0.459 0.368 0.270 0.173 0.102 0.038 0.018 0.000 0.037 0.074 0.176 0.279 0.340 0.395 0.406 0.406 0.398 0.392 0.379 0.365 0.355 0.347 0.356 0.374 0.397 0.426 0.462 0.509 0.566 0.638 0.749 0.922
s 1.191 18 17 1.150 1.117 1.082 1.023 0.962 0.873 0.780 0.745 0.716 0.724 0.737 0.764 0.793 0.706 0.604 0.539 0.476 0.420 0.363 0.292 0.219 0.140 0.061 0.028 0.000 0.017 0.037 0.058 0.077 0.179 0.295 0.399 0.504 0.487 0.455 0.469 0.491 0.583 0.682 0.851 1.026 1.207 1.388 1.478 1.557 1.553 1.540 1.421 1.287
s 1.995 17 18 2.216 2.105 2.008 1.910 1.818 1.724 1.621 1.513 1.388 1.257 1.153 1.057 0.942 0.823 0.698 0.570 0.473 0.389 0.322 0.263 0.206 0.150 0.091 0.028 0.000 -0.006 0.008 0.032 0.069 0.115 0.173 0.239 0.335 0.462 0.600 0.751 0.903 1.057 1.192 1.310 1.458 1.634 1.818 2.008 2.172 2.289 2.405 2.527 2.652
s 1.835 18 17 2.138 2.103 1.999 1.861 1.727 1.588 1.430 1.237 1.058 0.901 0.764 0.637 0.515 0.398 0.326 0.260 0.202 0.148 0.101 0.056 0.017 -0.001 -0.016 -0.008 0.000 0.021 0.050 0.084 0.123 0.166 0.237 0.335 0.444 0.560 0.686 0.817 0.946 1.079 1.207 1.332 1.455 1.581 1.709 1.832 1.944 2.053 2.143 2.237 2.323
s 1.381 17 18 1.804 1.697 1.600 1.514 1.431 1.358 1.289 1.219 1.142 1.062 0.971 0.870 0.764 0.654 0.552 0.455 0.367 0.285 0.216 0.169 0.123 0.085 0.056 0.024 0.000 -0.019 -0.039 -0.018 0.021 0.064 0.124 0.174 0.213 0.269 0.334 0.410 0.506 0.604 0.695 0.773 0.857 0.965 1.081 1.201 1.331 1.462 1.587 1.711 1.837
s 1.119 18 17 1.400 1.308 1.222 1.142 1.062 0.982 0.901 0.820 0.737 0.651 0.564 0.475 0.374 0.265 0.177 0.105 0.077 0.084 0.083 0.077 0.066 0.053 0.035 0.014 0.000 -0.008 0.025 0.091 0.157 0.223 0.289 0.353 0.419 0.486 0.554 0.622 0.684 0.741 0.798 0.856 0.914 0.973 1.037 1.105 1.176 1.250 1.357 1.492 1.625
s 1.075 17 18 1.605 1.518 1.425 1.332 1.246 1.168 1.097 1.031 0.975 0.926 0.847 0.756 0.648 0.539 0.434 0.338 0.248 0.181 0.123 0.080 0.049 0.028 0.016 0.005 0.000 -0.002 0.009 0.032 0.057 0.078 0.105 0.132 0.155 0.173 0.172 0.157 0.149 0.147 0.226 0.324 0.435 0.585 0.724 0.811 0.904 1.034 1.192 1.366 1.521
s 1.589 19 16 1.664 1.572 1.477 1.379 1.279 1.148 1.007 0.881 0.767 0.657 0.558 0.461 0.356 0.251 0.168 0.094 0.025 -0.033 -0.077 -0.103 -0.117 -0.137 -0.144 -0.058 0.000 0.048 0.084 0.127 0.237 0.362 0.483 0.611 0.746 0.889 1.006 1.103 1.188 1.269 1.352 1.437 1.529 1.624 1.722 1.814 1.899 1.978 2.047 2.106 2.154
s 1.236 17 18 1.085 1.029 0.979 0.929 0.891 0.856 0.820 0.770 0.709 0.644 0.581 0.521 0.461 0.403 0.349 0.296 0.246 0.192 0.151 0.113 0.080 0.050 0.027 0.013 0.000 0.004 0.010 0.040 0.077 0.121 0.174 0.245 0.340 0.455 0.579 0.693 0.789 0.874 0.962 1.041 1.125 1.240 1.350 1.477 1.581 1.635 1.672 1.710 1.747
s 0.583 17 18 0.648 0.604 0.560 0.518 0.478 0.441 0.410 0.385 0.361 0.336 0.309 0.279 0.255 0.239 0.222 0.206 0.190 0.173 0.150 0.119 0.089 0.061 0.036 0.015 0.000 -0.006 -0.006 0.002 0.014 0.030 0.051 0.077 0.114 0.164 0.210 0.252 0.295 0.337 0.384 0.435 0.483 0.527 0.575 0.629 0.688 0.754 0.814 0.867 0.915
s 0.611 17 18 0.578 0.564 0.547 0.528 0.506 0.483 0.450 0.417 0.387 0.360 0.338 0.319 0.299 0.281 0.270 0.258 0.245 0.227 0.201 0.172 0.143 0.112 0.077 0.037 0.000 -0.019 -0.038 -0.043 -0.046 -0.024 0.018 0.060 0.103 0.147 0.186 0.222 0.263 0.308 0.354 0.404 0.455 0.519 0.583 0.649 0.717 0.785 0.855 0.923 0.984
s 0.793 19 16 0.905 0.794 0.685 0.588 0.499 0.416 0.336 0.260 0.215 0.199 0.227 0.240 0.244 0.238 0.229 0.219 0.204 0.180 0.153 0.110 0.070 0.048 0.027 0.009 0.000 -0.005 0.037 0.097 0.164 0.243 0.319 0.392 0.467 0.528 0.586 0.645 0.705 0.760 0.806 0.853 0.902 0.954 0.990 1.027 1.087 1.150 1.225 1.307 1.373
s 1.216 17 18 1.631 1.575 1.502 1.428 1.353 1.275 1.200 1.129 1.060 0.992 0.925 0.857 0.784 0.709 0.626 0.542 0.456 0.370 0.289 0.232 0.178 0.128 0.083 0.042 0.000 -0.038 -0.062 -0.078 -0.080 -0.066 -0.026 0.072 0.175 0.289 0.391 0.467 0.520 0.582 0.646 0.716 0.785 0.854 0.926 1.004 1.079 1.151 1.219 1.289 1.372
s 1.357 18 17 1.592 1.519 1.452 1.390 1.316 1.238 1.139 1.031 0.912 0.783 0.676 0.585 0.510 0.452 0.383 0.304 0.235 0.177 0.125 0.085 0.054 0.040 0.024 0.013 0.000 0.000 -0.000 0.019 0.039 0.093 0.153 0.224 0.302 0.393 0.491 0.596 0.710 0.809 0.896 0.980 1.058 1.133 1.210 1.302 1.399 1.498 1.602 1.701 1.791
s 1.696 18 17 1.830 1.722 1.620 1.518 1.418 1.319 1.215 1.090 0.967 0.849 0.747 0.650 0.571 0.504 0.449 0.391 0.327 0.241 0.149 0.080 0.046 0.020 0.001 -0.002 0.000 0.011 0.042 0.116 0.197 0.293 0.411 0.526 0.640 0.786 0.923 1.046 1.150 1.244 1.333 1.420 1.518 1.619 1.731 1.855 1.973 2.068 2.146 2.216 2.288
s 0.852 17 18 1.185 1.048 0.925 0.818 0.740 0.696 0.663 0.613 0.542 0.472 0.405 0.348 0.325 0.326 0.341 0.309 0.280 0.241 0.205 0.168 0.128 0.092 0.048 0.002 0.000 0.038 0.091 0.184 0.284 0.340 0.390 0.430 0.434 0.440 0.438 0.438 0.447 0.464 0.490 0.545 0.610 0.687 0.774 0.865 0.964 1.063 1.156 1.250 1.344
s 1.133 18 17 1.222 1.150 1.079 1.007 0.930 0.856 0.785 0.718 0.658 0.602 0.550 0.489 0.428 0.361 0.288 0.211 0.132 0.055 -0.015 -0.079 -0.097 -0.078 -0.059 -0.031 0.000 0.037 0.079 0.124 0.166 0.208 0.252 0.301 0.357 0.422 0.493 0.568 0.648 0.723 0.802 0.889 0.984 1.073 1.166 1.263 1.336 1.389 1.442 1.488 1.530
s 0.821 16 19 1.206 1.118 1.044 0.976 0.915 0.857 0.806 0.767 0.745 0.719 0.687 0.647 0.590 0.526 0.457 0.387 0.317 0.250 0.189 0.134 0.095 0.059 0.028 0.003 0.000 0.010 0.063 0.108 0.111 0.123 0.173 0.229 0.309 0.378 0.390 0.395 0.379 0.362 0.362 0.369 0.418 0.472 0.558 0.642 0.727 0.812 0.897 0.982 1.069
s 1.071 17 18 1.070 1.009 0.982 0.959 0.942 0.931 0.874 0.809 0.694 0.592 0.528 0.478 0.434 0.391 0.346 0.292 0.239 0.165 0.090 0.051 0.011 -0.003 -0.013 -0.009 0.000 0.013 0.043 0.071 0.102 0.132 0.170 0.219 0.276 0.333 0.396 0.461 0.527 0.595 0.663 0.734 0.806 0.909 1.009 1.105 1.200 1.287 1.367 1.432 1.493
s 0.774 18 17 1.263 1.221 1.167 1.098 1.029 0.957 0.880 0.801 0.722 0.661 0.610 0.565 0.528 0.497 0.475 0.454 0.431 0.407 0.344 0.275 0.206 0.141 0.083 0.034 0.000 0.024 0.046 0.067 0.088 0.106 0.125 0.143 0.161 0.174 0.174 0.180 0.200 0.232 0.282 0.336 0.396 0.458 0.504 0.513 0.519 0.531 0.544 0.612 0.718
s 0.790 17 18 1.033 1.017 0.993 0.963 0.916 0.865 0.809 0.748 0.683 0.627 0.568 0.529 0.483 0.442 0.402 0.357 0.309 0.258 0.211 0.166 0.127 0.085 0.055 0.023 0.000 -0.023 -0.031 -0.025 -0.020 -0.012 0.002 0.026 0.060 0.109 0.156 0.210 0.266 0.322 0.376 0.429 0.477 0.524 0.569 0.613 0.664 0.716 0.772 0.830 0.892
s 2.215 17 18 2.779 2.747 2.701 2.577 2.450 2.303 2.154 1.989 1.822 1.641 1.460 1.274 1.090 0.909 0.726 0.543 0.371 0.306 0.241 0.171 0.104 0.049 0.001 -0.001 0.000 0.034 0.069 0.110 0.151 0.190 0.222 0.174 0.138 0.201 0.273 0.422 0.579 0.783 0.986 1.183 1.377 1.549 1.716 1.851 1.980 2.052 2.122 2.185 2.247
s 1.242 17 18 1.776 1.687 1.597 1.521 1.450 1.376 1.300 1.222 1.142 1.064 0.985 0.917 0.856 0.787 0.716 0.626 0.525 0.421 0.315 0.230 0.157 0.103 0.060 0.027 0.000 -0.009 -0.007 -0.002 0.005 0.008 0.008 0.034 0.077 0.132 0.196 0.268 0.346 0.419 0.491 0.571 0.656 0.747 0.840 0.936 1.035 1.131 1.225 1.319 1.412
s 2.188 17 18 2.107 1.955 1.813 1.698 1.595 1.505 1.420 1.333 1.246 1.153 1.056 0.963 0.879 0.797 0.712 0.628 0.545 0.462 0.387 0.314 0.243 0.174 0.114 0.056 0.000 -0.037 -0.060 0.009 0.048 0.144 0.229 0.359 0.494 0.679 0.904 1.105 1.299 1.499 1.690 1.891 2.056 2.220 2.412 2.610 2.780 2.951 3.102 3.242 3.338
s 1.333 18 18 1.944 1.816 1.690 1.567 1.443 1.318 1.204 1.096 0.991 0.888 0.787 0.687 0.589 0.498 0.409 0.337 0.266 0.204 0.143 0.090 0.040 0.016 0.006 0.001 0.000 0.001 0.002 0.001 -0.009 -0.015 0.015 0.052 0.119 0.193 0.285 0.381 0.466 0.552 0.637 0.721 0.807 0.896 0.997 1.108 1.223 1.345 1.468 1.595 1.723
s 1.829 17 19 2.384 2.323 2.262 2.218 2.173 2.107 2.041 1.864 1.686 1.416 1.144 0.888 0.631 0.430 0.232 0.161 0.095 0.054 0.014 -0.004 -0.021 -0.023 -0.023 -0.012 0.000 0.021 0.043 0.074 0.106 0.167 0.231 0.290 0.348 0.402 0.455 0.507 0.556 0.579 0.594 0.637 0.684 0.801 0.934 1.192 1.485 1.748 2.010 2.221 2.425
s 1.316 17 19 1.857 1.769 1.676 1.579 1.484 1.396 1.307 1.219 1.125 1.014 0.907 0.824 0.743 0.671 0.599 0.530 0.466 0.407 0.341 0.267 0.187 0.115 0.042 0.017 0.000 0.002 0.013 0.042 0.084 0.151 0.236 0.239 0.175 0.148 0.157 0.201 0.283 0.373 0.478 0.586 0.690 0.795 0.905 1.019 1.148 1.281 1.418 1.554 1.683
s 0.992 18 18 1.306 1.234 1.155 1.070 0.983 0.897 0.819 0.743 0.673 0.604 0.531 0.458 0.392 0.335 0.280 0.234 0.192 0.154 0.123 0.090 0.059 0.030 0.010 0.004 0.000 0.006 0.015 0.033 0.058 0.085 0.127 0.171 0.225 0.284 0.338 0.390 0.443 0.502 0.562 0.625 0.691 0.759 0.832 0.907 1.001 1.090 1.174 1.249 1.318
s 0.918 19 17 1.212 1.082 0.933 0.779 0.674 0.593 0.522 0.472 0.425 0.382 0.334 0.288 0.246 0.203 0.160 0.119 0.092 0.064 0.038 0.010 0.006 0.004 0.002 0.001 0.000 0.005 0.013 0.025 0.039 0.066 0.098 0.179 0.267 0.353 0.436 0.515 0.594 0.672 0.756 0.840 0.923 1.006 1.068 1.117 1.162 1.204 1.245 1.284 1.325
s 1.458 18 18 1.707 1.613 1.520 1.415 1.313 1.212 1.114 1.013 0.912 0.806 0.701 0.596 0.494 0.400 0.312 0.237 0.171 0.122 0.093 0.069 0.066 0.034 0.018 0.005 0.000 -0.000 0.009 0.011 0.031 0.065 0.113 0.179 0.251 0.353 0.455 0.560 0.660 0.757 0.847 0.956 1.068 1.193 1.323 1.461 1.603 1.746 1.886 2.012 2.123
s 0.899 18 18 1.106 1.057 1.005 0.943 0.863 0.784 0.714 0.660 0.621 0.579 0.529 0.481 0.430 0.382 0.324 0.266 0.210 0.159 0.114 0.077 0.048 0.033 0.021 0.011 0.000 -0.001 0.014 0.032 0.056 0.081 0.118 0.161 0.203 0.248 0.296 0.350 0.408 0.467 0.529 0.593 0.663 0.736 0.805 0.874 0.935 0.992 1.040 1.082 1.122
s 1.558 18 18 1.840 1.802 1.774 1.749 1.650 1.534 1.400 1.247 1.101 0.948 0.799 0.656 0.545 0.457 0.389 0.332 0.281 0.235 0.190 0.148 0.110 0.070 0.038 0.015 0.000 0.024 0.069 0.131 0.210 0.291 0.335 0.361 0.381 0.387 0.393 0.429 0.500 0.595 0.738 0.883 1.022 1.140 1.254 1.365 1.466 1.560 1.645 1.725 1.811
s 1.305 17 19 1.654 1.642 1.585 1.496 1.413 1.315 1.223 1.152 1.100 1.011 0.925 0.837 0.745 0.662 0.586 0.516 0.461 0.409 0.359 0.309 0.250 0.194 0.129 0.055 0.000 -0.029 -0.039 -0.030 -0.014 0.011 0.052 0.093 0.161 0.238 0.334 0.443 0.549 0.648 0.728 0.764 0.765 0.795 0.931 1.067 1.197 1.316 1.419 1.480 1.536
s 1.185 18 18 1.640 1.543 1.444 1.346 1.250 1.159 1.064 0.966 0.862 0.757 0.652 0.550 0.501 0.474 0.447 0.414 0.375 0.321 0.259 0.197 0.134 0.073 0.026 0.000 0.000 0.023 0.144 0.259 0.307 0.359 0.408 0.451 0.498 0.553 0.604 0.597 0.588 0.609 0.637 0.697 0.771 0.848 0.934 1.020 1.120 1.226 1.338 1.455 1.565
s 2.138 18 18 2.685 2.505 2.325 2.138 1.944 1.767 1.596 1.433 1.275 1.118 0.959 0.797 0.632 0.470 0.336 0.216 0.134 0.072 0.035 0.014 0.003 0.004 -0.002 0.000 0.000 0.013 0.025 0.056 0.099 0.161 0.253 0.354 0.476 0.605 0.752 0.905 1.041 1.173 1.316 1.475 1.644 1.826 2.013 2.172 2.333 2.457 2.572 2.699 2.834
s 1.019 18 18 1.467 1.396 1.324 1.228 1.134 1.031 0.931 0.851 0.771 0.697 0.623 0.556 0.487 0.424 0.360 0.298 0.234 0.181 0.127 0.086 0.044 0.026 0.008 0.004 0.000 0.011 0.024 0.055 0.088 0.128 0.168 0.217 0.266 0.316 0.367 0.402 0.435 0.470 0.507 0.556 0.608 0.680 0.759 0.832 0.904 0.975 1.046 1.120 1.193
s 1.395 18 18 1.843 1.777 1.677 1.578 1.464 1.347 1.217 1.062 0.910 0.777 0.659 0.552 0.458 0.372 0.296 0.228 0.171 0.133 0.105 0.084 0.065 0.044 0.033 0.020 0.000 -0.026 -0.045 -0.057 -0.022 0.027 0.080 0.138 0.199 0.263 0.340 0.429 0.526 0.634 0.733 0.820 0.903 0.990 1.087 1.202 1.327 1.461 1.583 1.690 1.797
s 1.692 19 17 2.188 2.065 1.892 1.715 1.529 1.341 1.165 0.991 0.857 0.725 0.602 0.483 0.390 0.299 0.232 0.167 0.113 0.060 0.020 -0.019 -0.041 -0.059 -0.048 -0.031 0.000 0.032 0.094 0.161 0.260 0.366 0.494 0.631 0.725 0.799 0.864 0.924 1.017 1.127 1.224 1.317 1.414 1.514 1.620 1.729 1.855 1.995 2.121 2.235 2.343
s 2.138 19 17 2.789 2.539 2.295 2.070 1.854 1.656 1.462 1.286 1.116 0.953 0.795 0.654 0.512 0.370 0.231 0.110 0.011 -0.062 -0.103 -0.131 -0.138 -0.134 -0.102 -0.063 0.000 0.072 0.213 0.345 0.457 0.565 0.662 0.758 0.839 0.920 1.007 1.102 1.225 1.364 1.510 1.660 1.812 1.965 2.118 2.271 2.423 2.573 2.720 2.855 2.992
s 0.862 18 18 1.039 0.945 0.859 0.776 0.701 0.630 0.579 0.531 0.500 0.466 0.443 0.427 0.416 0.408 0.395 0.373 0.345 0.310 0.272 0.227 0.182 0.130 0.078 0.038 0.000 -0.026 -0.050 -0.063 -0.069 -0.059 -0.028 0.018 0.088 0.163 0.248 0.335 0.424 0.515 0.586 0.653 0.722 0.792 0.865 0.941 1.024 1.118 1.213 1.305 1.396
s 1.429 19 17 1.717 1.618 1.516 1.413 1.302 1.172 1.039 0.891 0.739 0.554 0.382 0.297 0.218 0.191 0.166 0.141 0.116 0.093 0.070 0.058 0.047 0.035 0.024 0.012 0.000 0.021 0.049 0.093 0.143 0.233 0.333 0.426 0.519 0.600 0.677 0.757 0.838 0.920 1.003 1.093 1.186 1.280 1.373 1.465 1.556 1.642 1.723 1.799 1.869
s 0.640 19 17 0.840 0.802 0.763 0.711 0.648 0.585 0.518 0.451 0.381 0.318 0.308 0.302 0.275 0.246 0.203 0.164 0.132 0.102 0.078 0.063 0.049 0.035 0.022 0.009 0.000 0.025 0.049 0.076 0.103 0.130 0.160 0.191 0.225 0.264 0.309 0.355 0.399 0.439 0.462 0.479 0.495 0.516 0.557 0.593 0.632 0.666 0.700 0.736 0.768
s 1.393 19 17 1.978 1.826 1.663 1.495 1.335 1.187 1.048 0.887 0.719 0.627 0.542 0.478 0.421 0.361 0.301 0.233 0.158 0.089 0.027 -0.024 -0.054 -0.071 -0.060 -0.046 0.000 0.055 0.138 0.222 0.332 0.449 0.535 0.604 0.664 0.719 0.777 0.836 0.898 0.954 1.009 1.080 1.151 1.224 1.299 1.374 1.450 1.532 1.620 1.707 1.795
s 2.652 19 17 3.225 3.019 2.822 2.635 2.415 2.168 1.887 1.633 1.406 1.265 1.163 1.062 0.959 0.851 0.737 0.624 0.510 0.386 0.266 0.160 0.101 0.028 -0.001 -0.018 0.000 0.038 0.110 0.211 0.348 0.518 0.686 0.825 0.972 1.127 1.277 1.439 1.597 1.767 1.930 2.078 2.228 2.391 2.554 2.722 2.889 3.042 3.175 3.311 3.444
s 0.760 18 18 1.000 0.931 0.843 0.798 0.749 0.688 0.612 0.532 0.463 0.405 0.340 0.278 0.275 0.319 0.351 0.369 0.342 0.271 0.175 0.135 0.084 0.033 0.009 -0.011 0.000 0.036 0.075 0.128 0.160 0.174 0.184 0.189 0.187 0.193 0.214 0.248 0.290 0.342 0.401 0.462 0.529 0.605 0.672 0.729 0.771 0.833 0.898 0.963 1.042
s 0.734 18 18 0.954 0.926 0.885 0.836 0.785 0.725 0.665 0.604 0.547 0.494 0.447 0.403 0.356 0.311 0.265 0.222 0.185 0.148 0.112 0.084 0.060 0.038 0.023 0.004 0.000 0.003 0.012 0.035 0.060 0.090 0.122 0.150 0.170 0.188 0.213 0.242 0.276 0.313 0.350 0.389 0.432 0.495 0.563 0.625 0.683 0.737 0.785 0.829 0.870
s 1.591 18 18 2.017 1.918 1.823 1.708 1.577 1.436 1.293 1.154 1.027 0.908 0.820 0.753 0.672 0.630 0.597 0.562 0.526 0.464 0.328 0.189 0.089 0.016 -0.020 -0.014 0.000 0.047 0.090 0.145 0.211 0.275 0.339 0.402 0.462 0.522 0.583 0.657 0.737 0.834 0.935 1.044 1.159 1.272 1.394 1.511 1.606 1.694 1.780 1.866 1.950
s 1.139 17 19 1.931 1.874 1.804 1.714 1.626 1.531 1.445 1.367 1.296 1.221 1.118 1.011 0.902 0.794 0.686 0.582 0.479 0.380 0.279 0.183 0.136 0.088 0.031 0.008 0.000 0.029 0.091 0.143 0.153 0.147 0.137 0.122 0.111 0.154 0.187 0.204 0.207 0.197 0.212 0.270 0.341 0.417 0.497 0.576 0.651 0.724 0.805 0.894 0.996
s 0.650 18 18 1.013 0.945 0.869 0.789 0.705 0.624 0.577 0.533 0.496 0.469 0.447 0.433 0.421 0.411 0.402 0.391 0.351 0.298 0.243 0.185 0.137 0.094 0.056 0.026 0.000 -0.026 -0.044 -0.054 -0.058 -0.044 -0.019 0.013 0.065 0.117 0.166 0.212 0.255 0.292 0.323 0.353 0.388 0.425 0.476 0.533 0.594 0.678 0.758 0.832 0.900
s 1.065 19 17 1.397 1.330 1.213 1.081 0.966 0.859 0.759 0.658 0.562 0.480 0.401 0.335 0.271 0.212 0.151 0.092 0.031 -0.012 -0.045 -0.056 -0.051 -0.047 -0.051 -0.035 0.000 0.044 0.092 0.140 0.189 0.235 0.282 0.326 0.412 0.502 0.560 0.615 0.652 0.689 0.752 0.823 0.890 0.954 1.021 1.089 1.164 1.248 1.337 1.442 1.539
s 1.605 18 18 2.051 1.967 1.887 1.811 1.697 1.579 1.460 1.344 1.228 1.122 1.019 0.925 0.835 0.749 0.673 0.597 0.523 0.453 0.371 0.273 0.183 0.125 0.061 0.011 0.000 0.006 0.116 0.287 0.437 0.513 0.619 0.683 0.758 0.802 0.807 0.809 0.775 0.742 0.767 0.866 0.977 1.119 1.265 1.395 1.513 1.618 1.696 1.779 1.865
s 2.966 19 18 4.930 4.829 4.687 4.425 3.976 3.524 3.058 2.645 2.261 1.913 1.616 1.341 1.072 0.845 0.635 0.437 0.252 0.088 -0.055 -0.102 -0.118 -0.108 -0.075 -0.049 0.000 0.049 0.090 0.137 0.189 0.253 0.329 0.414 0.517 0.634 0.759 0.881 0.999 1.106 1.210 1.318 1.429 1.541 1.676 1.816 1.957 2.091 2.226 2.365 2.507
s 0.839 19 18 1.552 1.452 1.344 1.213 1.082 0.957 0.831 0.716 0.616 0.526 0.448 0.381 0.330 0.281 0.243 0.204 0.173 0.142 0.114 0.087 0.064 0.043 0.024 0.009 0.000 0.019 0.038 0.065 0.094 0.132 0.175 0.217 0.253 0.283 0.306 0.325 0.340 0.355 0.378 0.402 0.436 0.472 0.512 0.553 0.596 0.642 0.712 0.811 0.912
s 2.407 19 18 3.062 2.957 2.837 2.620 2.369 2.112 1.894 1.696 1.534 1.387 1.220 1.063 0.914 0.769 0.632 0.511 0.402 0.306 0.222 0.151 0.090 0.041 0.026 0.016 0.000 -0.005 -0.015 -0.003 0.055 0.125 0.257 0.396 0.533 0.680 0.825 0.971 1.128 1.283 1.441 1.599 1.756 1.922 2.089 2.260 2.444 2.603 2.765 2.924 3.080
s 1.738 18 19 2.188 2.096 1.977 1.853 1.721 1.572 1.436 1.306 1.179 1.056 0.949 0.856 0.764 0.679 0.596 0.503 0.401 0.287 0.165 0.047 -0.018 -0.046 -0.050 -0.044 0.000 0.052 0.131 0.251 0.298 0.359 0.442 0.545 0.655 0.797 0.977 1.138 1.249 1.289 1.295 1.230 1.165 1.118 1.294 1.520 1.754 1.997 2.189 2.294 2.298
s 1.251 19 18 1.441 1.335 1.229 1.122 1.013 0.900 0.786 0.678 0.578 0.503 0.474 0.441 0.398 0.349 0.275 0.196 0.148 0.097 0.051 0.003 -0.009 -0.005 -0.005 -0.003 0.000 0.003 0.007 0.011 0.017 0.024 0.051 0.190 0.359 0.555 0.762 0.881 0.956 0.980 0.988 0.987 1.018 1.095 1.209 1.340 1.489 1.625 1.701 1.769 1.836
s 1.800 19 18 2.602 2.406 2.177 1.946 1.716 1.504 1.317 1.173 1.077 1.001 0.945 0.894 0.842 0.774 0.693 0.607 0.505 0.397 0.286 0.177 0.085 0.017 -0.002 -0.010 0.000 0.031 0.064 0.112 0.171 0.229 0.290 0.352 0.415 0.479 0.543 0.611 0.701 0.799 0.915 1.060 1.218 1.387 1.559 1.727 1.885 2.037 2.183 2.317 2.447
s 0.825 18 19 1.304 1.194 1.102 1.011 0.921 0.831 0.743 0.656 0.604 0.556 0.492 0.426 0.355 0.282 0.225 0.169 0.140 0.116 0.089 0.063 0.027 -0.011 -0.020 -0.024 0.000 0.030 0.088 0.151 0.244 0.343 0.360 0.360 0.337 0.311 0.278 0.245 0.257 0.282 0.318 0.358 0.411 0.468 0.546 0.628 0.728 0.831 0.929 1.023 1.102
s 1.082 19 18 1.628 1.524 1.417 1.291 1.149 1.000 0.851 0.730 0.624 0.557 0.491 0.434 0.376 0.319 0.264 0.215 0.173 0.133 0.098 0.076 0.056 0.035 0.016 0.007 0.000 0.026 0.063 0.115 0.170 0.229 0.290 0.349 0.393 0.441 0.492 0.548 0.604 0.636 0.661 0.699 0.735 0.782 0.844 0.932 1.016 1.096 1.173 1.280 1.407
s 1.385 18 19 2.105 2.027 1.941 1.839 1.719 1.595 1.461 1.327 1.185 1.035 0.893 0.800 0.712 0.634 0.564 0.496 0.417 0.336 0.252 0.167 0.104 0.067 0.031 0.015 0.000 -0.001 0.001 0.005 0.019 0.039 0.061 0.091 0.124 0.160 0.198 0.234 0.268 0.329 0.398 0.483 0.585 0.694 0.811 0.934 1.052 1.160 1.251 1.318 1.376
s 1.262 19 18 1.688 1.581 1.477 1.359 1.209 1.045 0.822 0.569 0.386 0.336 0.303 0.301 0.302 0.299 0.296 0.281 0.256 0.227 0.197 0.168 0.137 0.108 0.070 0.030 0.000 -0.022 -0.036 -0.042 -0.046 -0.042 -0.035 0.042 0.144 0.258 0.381 0.497 0.603 0.695 0.764 0.836 0.923 1.018 1.115 1.214 1.315 1.401 1.486 1.579 1.671
s 0.899 19 19 1.339 1.229 1.113 0.987 0.870 0.779 0.695 0.627 0.562 0.503 0.443 0.376 0.312 0.280 0.246 0.214 0.180 0.140 0.106 0.069 0.034 0.017 0.001 0.001 0.000 0.014 0.028 0.039 0.049 0.066 0.082 0.127 0.173 0.253 0.339 0.409 0.481 0.534 0.586 0.605 0.616 0.666 0.726 0.822 0.928 1.073 1.229 1.359 1.478
s 1.091 19 19 1.489 1.435 1.392 1.287 1.146 1.009 0.882 0.773 0.687 0.626 0.590 0.565 0.549 0.518 0.451 0.385 0.318 0.253 0.191 0.131 0.093 0.054 0.032 0.006 0.000 0.007 0.024 0.071 0.094 0.098 0.104 0.108 0.118 0.132 0.165 0.218 0.273 0.335 0.399 0.467 0.539 0.632 0.733 0.887 1.035 1.168 1.298 1.420 1.543
s 0.657 20 18 0.316 0.290 0.284 0.296 0.266 0.168 0.129 0.126 0.130 0.147 0.161 0.183 0.197 0.201 0.192 0.183 0.160 0.150 0.130 0.101 0.102 0.076 0.039 0.014 0.000 0.029 0.085 0.131 0.158 0.176 0.188 0.200 0.217 0.245 0.325 0.390 0.453 0.499 0.557 0.599 0.717 0.825 0.954 1.080 1.141 1.178 1.135 1.049 1.005
s -0.133 24 24 -0.274 -0.245 -0.212 -0.176 -0.134 -0.091 -0.044 -0.001 0.038 0.075 0.108 0.136 0.152 0.164 0.169 0.171 0.166 0.148 0.107 0.065 0.022 -0.007 -0.009 -0.008 0.000 0.013 0.034 0.055 0.074 0.092 0.109 0.125 0.141 0.157 0.177 0.201 0.233 0.252 0.247 0.230 0.191 0.135 0.049 -0.039 -0.131 -0.216 -0.284 -0.347 -0.400
# m ...   reach medians (20 stations)
m 0.331 6 6 0.282 0.296 0.306 0.325 0.333 0.370 0.387 0.389 0.393 0.406 0.419 0.390 0.383 0.360 0.345 0.363 0.359 0.351 0.318 0.254 0.182 0.121 0.055 0.022 0.000 0.016 0.046 0.101 0.161 0.247 0.291 0.337 0.379 0.402 0.391 0.359 0.342 0.346 0.348 0.344 0.348 0.337 0.314 0.315 0.310 0.311 0.328 0.373 0.401
m 0.378 7 6 0.392 0.396 0.404 0.407 0.404 0.397 0.401 0.416 0.429 0.391 0.398 0.402 0.400 0.398 0.387 0.377 0.354 0.331 0.286 0.246 0.179 0.117 0.059 0.018 0.000 0.021 0.056 0.126 0.182 0.234 0.284 0.321 0.354 0.371 0.370 0.359 0.352 0.331 0.319 0.328 0.322 0.339 0.351 0.353 0.352 0.353 0.372 0.391 0.414
m 0.257 5 8 0.220 0.226 0.231 0.221 0.217 0.243 0.275 0.274 0.289 0.295 0.294 0.307 0.344 0.368 0.360 0.369 0.296 0.233 0.196 0.199 0.164 0.116 0.059 0.014 0.000 0.012 0.026 0.059 0.081 0.117 0.147 0.211 0.230 0.247 0.292 0.262 0.311 0.310 0.305 0.310 0.295 0.269 0.257 0.253 0.279 0.283 0.298 0.310 0.308
m 0.234 8 6 0.248 0.244 0.225 0.229 0.236 0.237 0.247 0.261 0.266 0.270 0.280 0.282 0.273 0.259 0.261 0.235 0.204 0.174 0.159 0.128 0.096 0.065 0.029 0.006 0.000 0.013 0.041 0.076 0.116 0.160 0.188 0.216 0.261 0.288 0.300 0.295 0.283 0.269 0.257 0.246 0.257 0.242 0.234 0.223 0.227 0.221 0.220 0.222 0.222
m 0.389 8 6 0.392 0.396 0.403 0.399 0.383 0.377 0.378 0.371 0.366 0.363 0.347 0.356 0.359 0.359 0.339 0.322 0.319 0.303 0.266 0.216 0.161 0.106 0.042 0.016 0.000 0.026 0.078 0.136 0.200 0.274 0.328 0.352 0.369 0.371 0.359 0.350 0.333 0.329 0.329 0.316 0.322 0.339 0.359 0.377 0.395 0.413 0.429 0.438 0.448
m 0.277 8 7 0.270 0.254 0.242 0.252 0.228 0.271 0.302 0.336 0.359 0.361 0.356 0.349 0.340 0.304 0.249 0.253 0.222 0.197 0.145 0.118 0.089 0.058 0.021 0.004 0.000 0.019 0.049 0.080 0.117 0.153 0.185 0.235 0.250 0.262 0.281 0.294 0.291 0.280 0.277 0.302 0.324 0.300 0.278 0.258 0.274 0.284 0.292 0.281 0.292
m 0.326 7 8 0.313 0.324 0.310 0.299 0.287 0.277 0.277 0.274 0.261 0.267 0.283 0.315 0.338 0.333 0.315 0.304 0.286 0.249 0.204 0.145 0.098 0.058 0.023 0.008 0.000 0.002 0.011 0.048 0.085 0.152 0.229 0.269 0.328 0.364 0.387 0.420 0.431 0.422 0.411 0.400 0.372 0.373 0.381 0.382 0.365 0.343 0.306 0.285 0.267
m 0.363 7 8 0.403 0.395 0.376 0.354 0.370 0.390 0.394 0.387 0.382 0.360 0.377 0.345 0.326 0.325 0.328 0.318 0.322 0.323 0.260 0.238 0.179 0.106 0.056 0.021 0.000 0.009 0.055 0.101 0.131 0.160 0.219 0.271 0.310 0.328 0.341 0.357 0.352 0.358 0.364 0.374 0.377 0.366 0.352 0.350 0.340 0.314 0.309 0.294 0.281
m 0.450 7 8 0.449 0.454 0.457 0.458 0.458 0.456 0.470 0.463 0.455 0.452 0.450 0.456 0.483 0.463 0.458 0.453 0.431 0.378 0.331 0.269 0.183 0.106 0.051 0.016 0.000 0.013 0.044 0.099 0.157 0.226 0.281 0.331 0.377 0.382 0.433 0.451 0.467 0.460 0.467 0.478 0.480 0.465 0.442 0.444 0.449 0.443 0.435 0.422 0.418
m 0.266 8 8 0.233 0.243 0.257 0.266 0.276 0.270 0.262 0.256 0.258 0.257 0.254 0.264 0.282 0.273 0.264 0.256 0.238 0.199 0.167 0.128 0.091 0.051 0.022 0.010 0.000 0.010 0.031 0.060 0.102 0.139 0.175 0.203 0.221 0.251 0.291 0.301 0.324 0.318 0.302 0.288 0.276 0.283 0.286 0.272 0.270 0.275 0.279 0.252 0.230
m 0.347 6 10 0.277 0.298 0.317 0.303 0.311 0.338 0.361 0.366 0.369 0.367 0.371 0.365 0.357 0.360 0.356 0.349 0.318 0.296 0.272 0.218 0.153 0.106 0.052 0.014 0.000 0.012 0.033 0.061 0.116 0.174 0.212 0.253 0.284 0.290 0.311 0.326 0.338 0.352 0.362 0.372 0.377 0.378 0.377 0.385 0.385 0.374 0.364 0.358 0.349
m 0.306 9 7 0.365 0.339 0.368 0.377 0.359 0.398 0.451 0.493 0.499 0.497 0.470 0.462 0.448 0.421 0.389 0.353 0.298 0.239 0.193 0.137 0.094 0.060 0.031 0.011 0.000 0.007 0.019 0.040 0.062 0.123 0.170 0.207 0.226 0.228 0.241 0.242 0.248 0.241 0.227 0.243 0.268 0.276 0.256 0.234 0.233 0.238 0.226 0.225 0.235
m 0.264 10 7 0.271 0.282 0.289 0.290 0.281 0.283 0.289 0.291 0.293 0.284 0.272 0.268 0.262 0.258 0.234 0.215 0.200 0.168 0.137 0.116 0.084 0.055 0.025 0.008 0.000 0.015 0.036 0.069 0.109 0.147 0.184 0.217 0.252 0.281 0.292 0.298 0.298 0.308 0.311 0.307 0.290 0.287 0.272 0.258 0.240 0.230 0.228 0.229 0.228
m 0.306 8 9 0.302 0.302 0.307 0.287 0.273 0.270 0.300 0.315 0.323 0.326 0.329 0.318 0.307 0.302 0.297 0.282 0.263 0.232 0.190 0.133 0.086 0.048 0.019 0.004 0.000 0.008 0.034 0.067 0.103 0.134 0.168 0.189 0.211 0.249 0.270 0.280 0.270 0.292 0.313 0.323 0.320 0.310 0.312 0.327 0.322 0.294 0.289 0.304 0.307
m 0.303 9 8 0.302 0.288 0.283 0.291 0.299 0.298 0.288 0.296 0.302 0.291 0.282 0.302 0.302 0.285 0.264 0.254 0.224 0.185 0.138 0.115 0.082 0.050 0.026 0.009 0.000 0.009 0.037 0.064 0.110 0.153 0.205 0.244 0.278 0.292 0.314 0.311 0.307 0.323 0.311 0.301 0.293 0.293 0.292 0.307 0.325 0.329 0.330 0.324 0.311
m 0.418 9 8 0.446 0.475 0.494 0.526 0.515 0.485 0.467 0.462 0.458 0.445 0.472 0.489 0.481 0.453 0.416 0.393 0.380 0.312 0.280 0.239 0.178 0.100 0.044 0.012 0.000 0.018 0.051 0.098 0.158 0.209 0.243 0.254 0.293 0.334 0.303 0.315 0.315 0.301 0.312 0.337 0.348 0.361 0.353 0.358 0.361 0.388 0.401 0.399 0.378
m 0.524 7 10 0.475 0.453 0.442 0.439 0.446 0.455 0.460 0.472 0.483 0.494 0.495 0.490 0.478 0.453 0.433 0.421 0.403 0.366 0.321 0.220 0.175 0.104 0.040 0.007 0.000 0.028 0.074 0.155 0.214 0.258 0.314 0.383 0.434 0.459 0.506 0.521 0.531 0.532 0.533 0.541 0.548 0.562 0.583 0.591 0.593 0.598 0.627 0.665 0.685
m 0.524 7 10 0.475 0.453 0.442 0.439 0.446 0.455 0.460 0.472 0.483 0.494 0.495 0.490 0.478 0.453 0.433 0.421 0.403 0.366 0.321 0.220 0.175 0.104 0.040 0.007 0.000 0.028 0.074 0.155 0.214 0.258 0.314 0.383 0.434 0.459 0.506 0.521 0.531 0.532 0.533 0.541 0.548 0.562 0.583 0.591 0.593 0.598 0.627 0.665 0.685
m 0.678 7 10 0.544 0.543 0.549 0.561 0.594 0.629 0.693 0.753 0.772 0.789 0.819 0.850 0.842 0.835 0.809 0.773 0.661 0.579 0.437 0.334 0.230 0.134 0.071 0.018 0.000 0.011 0.060 0.138 0.224 0.298 0.370 0.448 0.503 0.577 0.638 0.699 0.757 0.762 0.747 0.743 0.728 0.762 0.769 0.771 0.767 0.766 0.748 0.716 0.682
m 0.359 8 10 0.308 0.317 0.325 0.336 0.343 0.350 0.372 0.378 0.382 0.382 0.385 0.366 0.346 0.344 0.344 0.329 0.300 0.241 0.194 0.149 0.100 0.056 0.026 0.005 0.000 0.012 0.028 0.053 0.091 0.135 0.180 0.211 0.246 0.284 0.324 0.336 0.355 0.353 0.355 0.355 0.352 0.362 0.376 0.385 0.393 0.388 0.379 0.368 0.355
m 0.332 10 8 0.324 0.366 0.351 0.345 0.332 0.312 0.323 0.347 0.365 0.371 0.365 0.364 0.365 0.342 0.311 0.262 0.224 0.188 0.166 0.111 0.082 0.061 0.028 0.009 0.000 0.013 0.034 0.065 0.106 0.149 0.194 0.244 0.282 0.307 0.343 0.383 0.393 0.390 0.373 0.358 0.334 0.321 0.315 0.289 0.292 0.312 0.326 0.332 0.320
m 0.542 8 10 0.475 0.422 0.433 0.462 0.534 0.639 0.690 0.743 0.787 0.758 0.751 0.722 0.642 0.524 0.459 0.469 0.432 0.409 0.345 0.280 0.207 0.129 0.060 0.020 0.000 0.007 0.028 0.081 0.139 0.195 0.239 0.301 0.353 0.406 0.457 0.525 0.537 0.542 0.576 0.566 0.548 0.550 0.550 0.542 0.572 0.578 0.551 0.557 0.546
m 0.638 11 7 0.738 0.748 0.737 0.754 0.760 0.761 0.763 0.762 0.759 0.795 0.809 0.773 0.730 0.674 0.604 0.541 0.483 0.425 0.355 0.306 0.229 0.133 0.061 0.021 0.000 0.020 0.075 0.160 0.225 0.306 0.370 0.461 0.532 0.579 0.614 0.663 0.663 0.640 0.600 0.578 0.548 0.520 0.511 0.527 0.532 0.517 0.506 0.490 0.469
m 0.308 11 8 0.372 0.364 0.351 0.338 0.310 0.303 0.299 0.296 0.288 0.310 0.309 0.299 0.289 0.276 0.242 0.215 0.189 0.159 0.130 0.105 0.078 0.053 0.025 0.002 0.000 0.019 0.057 0.093 0.128 0.164 0.199 0.229 0.248 0.252 0.272 0.293 0.314 0.321 0.316 0.311 0.312 0.318 0.316 0.308 0.304 0.305 0.291 0.292 0.299
m 0.251 8 11 0.237 0.243 0.240 0.242 0.247 0.247 0.256 0.287 0.300 0.306 0.301 0.286 0.288 0.282 0.249 0.224 0.199 0.163 0.140 0.097 0.067 0.035 0.018 0.005 0.000 0.009 0.026 0.057 0.083 0.100 0.130 0.153 0.168 0.176 0.194 0.205 0.220 0.227 0.221 0.229 0.242 0.255 0.267 0.272 0.256 0.241 0.244 0.253 0.257
m 0.302 9 10 0.241 0.249 0.269 0.283 0.296 0.310 0.316 0.323 0.333 0.342 0.331 0.318 0.305 0.292 0.273 0.242 0.219 0.178 0.146 0.122 0.088 0.057 0.033 0.010 0.000 0.007 0.027 0.055 0.096 0.122 0.155 0.178 0.215 0.229 0.248 0.268 0.279 0.297 0.311 0.327 0.335 0.330 0.310 0.308 0.308 0.302 0.293 0.295 0.293
m 0.280 12 7 0.351 0.349 0.333 0.320 0.302 0.289 0.276 0.276 0.281 0.269 0.259 0.263 0.264 0.238 0.223 0.223 0.213 0.194 0.166 0.125 0.089 0.051 0.027 0.009 0.000 0.010 0.026 0.073 0.116 0.154 0.201 0.233 0.260 0.272 0.290 0.305 0.309 0.328 0.316 0.302 0.289 0.286 0.271 0.249 0.264 0.258 0.225 0.221 0.224
m 0.537 8 11 0.647 0.575 0.523 0.467 0.441 0.428 0.402 0.423 0.534 0.545 0.535 0.553 0.533 0.531 0.495 0.463 0.386 0.330 0.293 0.239 0.175 0.123 0.064 0.025 0.000 0.007 0.036 0.090 0.137 0.216 0.259 0.331 0.407 0.442 0.452 0.494 0.533 0.549 0.575 0.611 0.593 0.573 0.566 0.600 0.607 0.613 0.671 0.735 0.732
m 0.349 10 9 0.361 0.358 0.345 0.337 0.326 0.334 0.337 0.324 0.309 0.301 0.303 0.302 0.296 0.287 0.284 0.266 0.256 0.231 0.191 0.154 0.115 0.070 0.033 0.010 0.000 0.011 0.026 0.060 0.095 0.130 0.183 0.245 0.288 0.330 0.356 0.347 0.342 0.355 0.380 0.373 0.376 0.372 0.361 0.349 0.355 0.353 0.356 0.363 0.373
m 0.959 7 12 0.891 0.797 0.705 0.595 0.508 0.448 0.448 0.517 0.556 0.563 0.588 0.614 0.619 0.586 0.601 0.591 0.535 0.478 0.404 0.319 0.229 0.093 0.025 -0.021 0.000 0.052 0.138 0.242 0.365 0.500 0.631 0.717 0.771 0.870 0.958 1.036 1.105 1.168 1.228 1.231 1.235 1.278 1.305 1.311 1.361 1.401 1.439 1.514 1.611
m 0.604 10 10 0.755 0.745 0.678 0.663 0.611 0.559 0.553 0.542 0.555 0.580 0.576 0.557 0.558 0.543 0.493 0.455 0.395 0.330 0.250 0.191 0.111 0.075 0.045 0.012 0.000 0.006 0.039 0.091 0.158 0.232 0.294 0.359 0.418 0.472 0.521 0.540 0.561 0.561 0.564 0.572 0.596 0.601 0.594 0.592 0.586 0.587 0.608 0.644 0.682
m 0.340 9 11 0.365 0.368 0.370 0.374 0.376 0.371 0.363 0.345 0.329 0.314 0.304 0.313 0.325 0.333 0.327 0.315 0.290 0.231 0.184 0.153 0.115 0.068 0.035 0.013 0.000 0.011 0.035 0.064 0.098 0.136 0.179 0.204 0.230 0.239 0.235 0.257 0.288 0.301 0.305 0.294 0.303 0.314 0.326 0.320 0.301 0.305 0.313 0.313 0.322
m 0.400 9 12 0.354 0.353 0.361 0.369 0.369 0.366 0.358 0.360 0.359 0.356 0.339 0.328 0.330 0.327 0.309 0.292 0.259 0.221 0.184 0.140 0.099 0.072 0.041 0.015 0.000 0.000 0.019 0.044 0.075 0.118 0.154 0.187 0.219 0.258 0.300 0.323 0.355 0.404 0.416 0.427 0.437 0.445 0.445 0.435 0.438 0.441 0.437 0.452 0.463
m 0.520 8 13 0.506 0.497 0.503 0.506 0.502 0.476 0.470 0.498 0.504 0.519 0.525 0.534 0.550 0.524 0.495 0.498 0.440 0.393 0.338 0.278 0.201 0.119 0.065 0.023 0.000 0.010 0.038 0.086 0.132 0.221 0.307 0.327 0.360 0.380 0.379 0.406 0.421 0.451 0.493 0.515 0.539 0.551 0.562 0.547 0.538 0.531 0.524 0.503 0.499
m 0.396 11 10 0.353 0.364 0.373 0.382 0.392 0.390 0.371 0.379 0.382 0.385 0.390 0.372 0.357 0.330 0.297 0.287 0.272 0.241 0.199 0.156 0.118 0.078 0.038 0.012 0.000 0.021 0.053 0.111 0.171 0.210 0.239 0.270 0.289 0.305 0.347 0.345 0.346 0.366 0.389 0.400 0.418 0.427 0.427 0.410 0.414 0.414 0.398 0.412 0.405
m 0.396 11 10 0.353 0.364 0.373 0.382 0.392 0.390 0.371 0.379 0.382 0.385 0.390 0.372 0.357 0.330 0.297 0.287 0.272 0.241 0.199 0.156 0.118 0.078 0.038 0.012 0.000 0.021 0.053 0.111 0.171 0.210 0.239 0.270 0.289 0.305 0.347 0.345 0.346 0.366 0.389 0.400 0.418 0.427 0.427 0.410 0.414 0.414 0.398 0.412 0.405
m 0.752 10 12 0.922 0.898 0.877 0.858 0.832 0.805 0.788 0.774 0.760 0.755 0.750 0.747 0.734 0.703 0.667 0.636 0.603 0.547 0.482 0.406 0.314 0.227 0.118 0.040 0.000 0.016 0.048 0.122 0.191 0.296 0.355 0.399 0.438 0.480 0.500 0.522 0.551 0.584 0.583 0.599 0.595 0.608 0.624 0.649 0.672 0.693 0.706 0.710 0.719
m 1.435 11 12 1.400 1.343 1.297 1.253 1.211 1.256 1.204 1.170 1.146 1.125 1.105 1.106 1.097 1.081 0.975 0.821 0.679 0.578 0.467 0.329 0.231 0.131 0.074 0.022 0.000 0.016 0.081 0.202 0.342 0.522 0.727 0.916 1.029 1.125 1.224 1.279 1.297 1.308 1.429 1.440 1.467 1.516 1.548 1.580 1.617 1.653 1.685 1.719 1.756
m 0.807 13 10 0.835 0.836 0.825 0.807 0.787 0.778 0.764 0.787 0.798 0.744 0.704 0.674 0.635 0.577 0.515 0.450 0.381 0.299 0.238 0.180 0.128 0.082 0.048 0.017 0.000 0.000 0.011 0.054 0.129 0.236 0.347 0.457 0.612 0.634 0.711 0.762 0.801 0.809 0.814 0.847 0.876 0.892 0.881 0.857 0.817 0.777 0.763 0.748 0.768
m 1.576 14 9 1.701 1.699 1.708 1.719 1.731 1.742 1.743 1.735 1.698 1.628 1.448 1.186 0.989 0.771 0.604 0.464 0.382 0.301 0.165 0.084 0.037 -0.019 -0.030 -0.022 0.000 0.058 0.159 0.293 0.471 0.603 0.768 0.854 1.004 1.159 1.273 1.346 1.361 1.366 1.368 1.374 1.382 1.395 1.407 1.420 1.433 1.446 1.467 1.491 1.534
m 0.447 13 11 0.457 0.448 0.446 0.436 0.432 0.432 0.419 0.401 0.386 0.372 0.358 0.353 0.334 0.302 0.297 0.253 0.227 0.212 0.175 0.136 0.101 0.058 0.025 0.005 0.000 0.022 0.053 0.090 0.133 0.172 0.203 0.233 0.264 0.290 0.347 0.370 0.383 0.409 0.401 0.408 0.428 0.445 0.462 0.478 0.473 0.459 0.459 0.465 0.480
m 0.631 13 12 0.802 0.798 0.805 0.809 0.811 0.802 0.785 0.762 0.730 0.708 0.677 0.651 0.625 0.610 0.598 0.580 0.541 0.515 0.465 0.373 0.272 0.176 0.101 0.036 0.000 0.014 0.067 0.125 0.181 0.234 0.303 0.327 0.341 0.347 0.366 0.360 0.392 0.408 0.426 0.445 0.463 0.460 0.456 0.450 0.451 0.454 0.466 0.486 0.524
m 0.605 10 15 0.629 0.613 0.587 0.566 0.557 0.560 0.526 0.521 0.527 0.604 0.569 0.526 0.505 0.472 0.477 0.440 0.404 0.342 0.293 0.227 0.150 0.096 0.049 0.013 0.000 0.024 0.060 0.102 0.159 0.201 0.264 0.350 0.400 0.421 0.493 0.491 0.481 0.459 0.514 0.537 0.539 0.595 0.644 0.666 0.658 0.649 0.650 0.644 0.654
m 0.657 12 13 0.768 0.726 0.731 0.743 0.750 0.757 0.760 0.763 0.766 0.751 0.715 0.680 0.613 0.539 0.488 0.435 0.359 0.264 0.163 0.120 0.098 0.054 0.011 0.001 0.000 0.017 0.045 0.073 0.104 0.144 0.177 0.219 0.264 0.307 0.338 0.384 0.432 0.471 0.499 0.511 0.511 0.519 0.538 0.559 0.582 0.570 0.557 0.558 0.568
m 0.506 15 11 0.585 0.569 0.514 0.513 0.511 0.526 0.539 0.536 0.499 0.424 0.407 0.382 0.366 0.358 0.350 0.314 0.282 0.245 0.198 0.149 0.095 0.049 0.018 0.005 0.000 0.020 0.049 0.092 0.145 0.194 0.245 0.296 0.327 0.326 0.370 0.396 0.423 0.456 0.490 0.512 0.514 0.498 0.479 0.492 0.485 0.474 0.477 0.485 0.512
m 0.558 12 14 0.521 0.521 0.535 0.541 0.510 0.485 0.480 0.488 0.503 0.497 0.481 0.466 0.431 0.393 0.368 0.307 0.287 0.260 0.237 0.193 0.130 0.076 0.036 0.011 0.000 0.019 0.053 0.109 0.150 0.175 0.218 0.257 0.277 0.305 0.332 0.371 0.425 0.477 0.523 0.553 0.572 0.593 0.589 0.593 0.605 0.627 0.630 0.666 0.730
m 0.558 12 14 0.521 0.521 0.535 0.541 0.510 0.485 0.480 0.488 0.503 0.497 0.481 0.466 0.431 0.393 0.368 0.307 0.287 0.260 0.237 0.193 0.130 0.076 0.036 0.011 0.000 0.019 0.053 0.109 0.150 0.175 0.218 0.257 0.277 0.305 0.332 0.371 0.425 0.477 0.523 0.553 0.572 0.593 0.589 0.593 0.605 0.627 0.630 0.666 0.730
m 0.406 11 16 0.443 0.432 0.419 0.400 0.378 0.358 0.335 0.322 0.312 0.304 0.333 0.352 0.351 0.311 0.265 0.231 0.205 0.212 0.189 0.132 0.105 0.066 0.028 0.003 0.000 0.016 0.052 0.088 0.118 0.146 0.173 0.207 0.226 0.220 0.226 0.241 0.252 0.252 0.264 0.279 0.374 0.402 0.420 0.433 0.430 0.440 0.477 0.496 0.505
m 0.604 13 14 0.576 0.586 0.585 0.584 0.572 0.560 0.558 0.534 0.518 0.510 0.493 0.479 0.447 0.400 0.367 0.330 0.286 0.256 0.208 0.170 0.128 0.087 0.049 0.021 0.000 -0.002 -0.001 0.023 0.048 0.096 0.150 0.213 0.272 0.352 0.390 0.421 0.453 0.485 0.518 0.553 0.586 0.611 0.628 0.637 0.636 0.636 0.651 0.659 0.672
m 0.714 13 14 0.733 0.704 0.681 0.661 0.644 0.618 0.588 0.597 0.625 0.652 0.574 0.518 0.417 0.354 0.276 0.203 0.180 0.124 0.080 0.059 0.039 0.015 0.007 -0.000 0.000 0.015 0.036 0.077 0.117 0.174 0.228 0.279 0.362 0.399 0.459 0.501 0.531 0.606 0.662 0.698 0.722 0.756 0.771 0.780 0.785 0.823 0.853 0.876 0.878
m 0.543 15 12 0.786 0.752 0.724 0.703 0.685 0.655 0.621 0.591 0.565 0.554 0.544 0.514 0.475 0.440 0.394 0.368 0.334 0.292 0.248 0.198 0.154 0.099 0.050 0.020 0.000 0.004 0.020 0.061 0.106 0.143 0.182 0.219 0.246 0.280 0.301 0.313 0.340 0.364 0.359 0.358 0.361 0.369 0.376 0.388 0.400 0.423 0.430 0.475 0.505
m 0.555 12 15 0.509 0.518 0.526 0.539 0.558 0.577 0.565 0.581 0.595 0.594 0.565 0.539 0.522 0.421 0.381 0.392 0.346 0.296 0.223 0.152 0.094 0.056 0.025 0.003 0.000 0.009 0.029 0.056 0.090 0.128 0.162 0.198 0.238 0.275 0.308 0.337 0.362 0.391 0.421 0.450 0.470 0.486 0.506 0.528 0.553 0.579 0.608 0.637 0.657
m 0.543 15 12 0.786 0.752 0.724 0.703 0.685 0.655 0.621 0.591 0.565 0.554 0.544 0.514 0.475 0.440 0.394 0.368 0.334 0.292 0.248 0.198 0.154 0.099 0.050 0.020 0.000 0.004 0.020 0.061 0.106 0.143 0.182 0.219 0.246 0.280 0.301 0.313 0.340 0.364 0.359 0.358 0.361 0.369 0.376 0.388 0.400 0.423 0.430 0.475 0.505
m 0.403 12 15 0.439 0.418 0.400 0.369 0.362 0.360 0.353 0.328 0.304 0.304 0.305 0.299 0.294 0.288 0.278 0.252 0.230 0.193 0.172 0.140 0.103 0.072 0.043 0.017 0.000 -0.001 0.011 0.035 0.058 0.076 0.106 0.158 0.184 0.212 0.245 0.271 0.288 0.318 0.339 0.359 0.382 0.380 0.401 0.426 0.444 0.465 0.478 0.480 0.479
m 0.436 13 15 0.442 0.430 0.426 0.439 0.445 0.444 0.429 0.416 0.396 0.377 0.370 0.355 0.340 0.301 0.286 0.260 0.239 0.206 0.174 0.132 0.087 0.046 0.024 0.009 0.000 0.012 0.040 0.063 0.085 0.111 0.140 0.173 0.208 0.246 0.279 0.297 0.318 0.343 0.350 0.361 0.388 0.403 0.424 0.435 0.441 0.466 0.487 0.502 0.524
m 0.691 16 12 0.913 0.865 0.799 0.778 0.740 0.695 0.659 0.644 0.598 0.553 0.506 0.462 0.422 0.398 0.376 0.355 0.304 0.242 0.203 0.159 0.100 0.059 0.030 0.007 0.000 0.015 0.041 0.070 0.102 0.137 0.180 0.227 0.284 0.341 0.405 0.469 0.526 0.581 0.641 0.631 0.604 0.611 0.642 0.605 0.616 0.654 0.695 0.735 0.774
m 0.748 11 17 0.572 0.537 0.514 0.491 0.487 0.488 0.491 0.492 0.494 0.477 0.487 0.463 0.434 0.408 0.377 0.319 0.270 0.234 0.190 0.138 0.100 0.074 0.049 0.019 0.000 0.008 0.033 0.074 0.122 0.187 0.234 0.255 0.285 0.344 0.426 0.537 0.584 0.630 0.673 0.726 0.777 0.828 0.896 0.953 1.005 1.042 1.081 1.104 1.137
m 0.477 15 13 0.511 0.501 0.487 0.469 0.463 0.452 0.444 0.425 0.398 0.376 0.365 0.362 0.357 0.350 0.351 0.339 0.299 0.265 0.224 0.180 0.134 0.084 0.043 0.012 0.000 0.011 0.031 0.062 0.097 0.146 0.192 0.255 0.304 0.345 0.364 0.367 0.381 0.412 0.430 0.425 0.422 0.442 0.465 0.492 0.500 0.504 0.508 0.499 0.488
m 1.313 14 15 1.538 1.449 1.377 1.396 1.344 1.312 1.319 1.317 1.269 1.219 1.155 1.068 1.027 0.952 0.847 0.731 0.628 0.541 0.457 0.365 0.274 0.180 0.084 0.028 0.000 0.014 0.044 0.099 0.144 0.214 0.288 0.364 0.462 0.573 0.662 0.763 0.885 0.910 0.976 1.033 1.090 1.121 1.161 1.206 1.281 1.363 1.438 1.503 1.566
m 1.348 15 14 2.011 1.992 1.875 1.744 1.610 1.552 1.505 1.451 1.400 1.311 1.192 1.073 0.960 0.914 0.837 0.721 0.587 0.488 0.386 0.259 0.153 0.084 0.029 -0.008 0.000 0.054 0.123 0.228 0.331 0.437 0.494 0.568 0.626 0.682 0.671 0.699 0.777 0.844 0.910 1.004 1.077 0.992 1.027 1.087 1.083 1.102 1.258 1.352 1.458
m 0.787 19 10 1.027 0.962 0.881 0.803 0.723 0.643 0.569 0.498 0.463 0.463 0.481 0.468 0.413 0.364 0.326 0.276 0.280 0.236 0.218 0.201 0.129 0.066 0.015 -0.008 0.000 0.050 0.106 0.183 0.279 0.363 0.414 0.460 0.536 0.649 0.717 0.785 0.793 0.810 0.865 0.930 0.958 0.916 0.851 0.818 0.800 0.780 0.825 0.871 0.920
m 0.878 14 15 0.811 0.748 0.702 0.643 0.612 0.583 0.557 0.529 0.500 0.537 0.520 0.473 0.463 0.487 0.454 0.442 0.422 0.392 0.340 0.278 0.226 0.153 0.085 0.037 0.000 -0.015 0.004 0.016 0.070 0.124 0.218 0.377 0.499 0.597 0.682 0.762 0.807 0.856 0.900 0.946 0.997 1.063 1.098 1.124 1.145 1.168 1.197 1.221 1.239
m 1.086 13 16 1.150 1.090 1.041 0.996 0.959 0.929 0.919 0.932 0.891 0.877 0.858 0.811 0.734 0.653 0.567 0.475 0.402 0.351 0.287 0.226 0.166 0.111 0.073 0.030 0.000 -0.009 0.002 0.057 0.115 0.186 0.253 0.317 0.364 0.390 0.510 0.637 0.735 0.789 0.881 0.946 0.982 1.054 1.123 1.169 1.213 1.287 1.357 1.407 1.448
m 0.835 14 15 0.839 0.811 0.782 0.750 0.711 0.676 0.651 0.636 0.618 0.594 0.584 0.549 0.502 0.463 0.426 0.399 0.381 0.325 0.282 0.249 0.196 0.141 0.093 0.037 0.000 -0.004 0.005 0.037 0.078 0.130 0.195 0.268 0.350 0.391 0.488 0.543 0.608 0.658 0.763 0.818 0.863 0.921 0.948 0.981 1.010 1.012 0.988 0.959 0.951
m 1.713 14 16 2.084 2.054 1.930 1.854 1.782 1.774 1.727 1.644 1.559 1.510 1.440 1.330 1.175 1.013 0.921 0.895 0.837 0.682 0.535 0.401 0.254 0.141 0.053 0.011 0.000 0.041 0.126 0.203 0.354 0.524 0.713 0.864 0.954 1.039 1.129 1.168 1.179 1.202 1.248 1.295 1.336 1.392 1.474 1.575 1.644 1.743 1.840 1.933 2.020
m 2.108 16 14 2.457 2.417 2.323 2.230 2.124 2.045 2.011 1.916 1.790 1.662 1.560 1.490 1.442 1.316 1.173 1.078 0.948 0.833 0.663 0.516 0.341 0.242 0.150 0.055 0.000 0.021 0.062 0.155 0.267 0.401 0.570 0.801 1.017 1.125 1.234 1.363 1.483 1.582 1.685 1.762 1.832 1.891 1.950 2.010 2.093 2.171 2.285 2.356 2.408
m 1.876 16 14 1.951 1.869 1.803 1.749 1.694 1.629 1.556 1.484 1.371 1.257 1.171 1.089 1.015 0.940 0.862 0.782 0.672 0.609 0.541 0.483 0.360 0.231 0.134 0.058 0.000 0.027 0.098 0.205 0.293 0.407 0.559 0.717 0.796 0.860 0.952 1.119 1.261 1.443 1.661 1.822 1.909 2.023 2.049 2.055 2.057 2.099 2.160 2.173 2.176
m 0.820 14 16 1.041 1.000 0.973 0.949 0.925 0.901 0.873 0.858 0.867 0.815 0.757 0.691 0.602 0.500 0.450 0.387 0.310 0.220 0.156 0.127 0.088 0.052 0.010 0.001 0.000 0.022 0.052 0.080 0.117 0.161 0.220 0.249 0.304 0.348 0.387 0.426 0.455 0.479 0.514 0.548 0.572 0.606 0.630 0.668 0.714 0.760 0.798 0.838 0.885
m 0.563 18 12 0.564 0.563 0.571 0.559 0.544 0.503 0.450 0.403 0.404 0.395 0.372 0.331 0.327 0.316 0.314 0.296 0.281 0.260 0.239 0.210 0.174 0.128 0.083 0.026 0.000 0.010 0.050 0.100 0.186 0.250 0.292 0.358 0.397 0.418 0.440 0.462 0.479 0.516 0.528 0.518 0.524 0.536 0.566 0.584 0.582 0.578 0.601 0.623 0.624
m 1.072 16 14 1.074 1.036 1.013 0.996 0.962 0.949 0.882 0.843 0.808 0.769 0.713 0.654 0.601 0.554 0.516 0.461 0.416 0.350 0.287 0.235 0.176 0.116 0.058 0.028 0.000 0.003 0.030 0.088 0.158 0.243 0.368 0.504 0.600 0.687 0.731 0.807 0.855 0.935 1.078 1.140 1.175 1.194 1.202 1.204 1.185 1.181 1.162 1.138 1.108
m 0.927 15 16 1.053 1.023 1.013 1.058 1.102 1.069 1.024 0.948 0.900 0.858 0.802 0.753 0.709 0.637 0.572 0.506 0.440 0.345 0.266 0.204 0.149 0.099 0.050 0.021 0.000 -0.006 -0.006 0.002 0.033 0.069 0.111 0.158 0.206 0.257 0.318 0.403 0.441 0.500 0.554 0.609 0.665 0.714 0.754 0.792 0.830 0.871 0.917 0.984 1.097
m 1.522 15 16 1.978 1.908 1.829 1.751 1.682 1.600 1.505 1.461 1.471 1.381 1.247 1.097 0.953 0.845 0.753 0.663 0.549 0.441 0.335 0.222 0.117 0.046 0.006 0.000 0.000 0.020 0.049 0.089 0.133 0.209 0.311 0.408 0.514 0.637 0.783 0.886 0.926 0.955 0.982 1.069 1.112 1.126 1.189 1.280 1.362 1.447 1.539 1.628 1.727
m 1.506 16 15 2.150 2.083 2.013 1.963 1.916 1.873 1.793 1.686 1.622 1.523 1.427 1.359 1.310 1.202 1.090 0.996 0.976 0.912 0.805 0.657 0.522 0.347 0.191 0.059 0.000 0.021 0.083 0.183 0.324 0.442 0.591 0.701 0.763 0.787 0.813 0.813 0.825 0.850 0.839 0.895 1.031 1.062 1.072 1.080 1.096 1.173 1.237 1.324 1.482
m 0.838 18 13 1.119 1.079 1.012 0.939 0.866 0.797 0.715 0.669 0.634 0.616 0.617 0.604 0.540 0.486 0.482 0.465 0.409 0.376 0.342 0.282 0.217 0.138 0.075 0.032 0.000 0.007 0.029 0.078 0.096 0.120 0.177 0.218 0.231 0.249 0.340 0.444 0.581 0.698 0.753 0.750 0.718 0.725 0.754 0.782 0.811 0.842 0.889 0.967 0.992
m 0.472 12 19 0.711 0.707 0.639 0.564 0.513 0.507 0.505 0.506 0.493 0.485 0.474 0.446 0.420 0.385 0.357 0.328 0.315 0.277 0.228 0.186 0.115 0.073 0.036 0.012 0.000 0.008 0.032 0.058 0.088 0.120 0.145 0.169 0.194 0.221 0.238 0.259 0.268 0.282 0.302 0.303 0.321 0.326 0.338 0.371 0.431 0.500 0.563 0.615 0.666
m 1.688 14 17 2.068 2.024 1.998 1.977 1.979 1.936 1.898 1.832 1.762 1.680 1.590 1.472 1.371 1.286 1.166 1.037 0.875 0.702 0.548 0.435 0.327 0.226 0.129 0.049 0.000 -0.008 0.019 0.063 0.119 0.178 0.255 0.328 0.407 0.502 0.588 0.696 0.789 0.882 0.970 1.046 1.115 1.169 1.257 1.333 1.400 1.461 1.516 1.565 1.622
m 1.011 16 15 1.119 1.076 1.024 0.969 0.899 0.836 0.786 0.756 0.728 0.690 0.633 0.580 0.536 0.496 0.457 0.385 0.309 0.240 0.176 0.100 0.040 -0.000 -0.019 -0.017 0.000 0.040 0.099 0.154 0.229 0.308 0.387 0.461 0.527 0.606 0.672 0.729 0.772 0.812 0.863 0.915 0.963 1.007 1.048 1.088 1.124 1.163 1.217 1.279 1.327
m 0.722 16 16 0.850 0.778 0.736 0.703 0.681 0.650 0.627 0.593 0.573 0.517 0.459 0.398 0.354 0.321 0.313 0.287 0.245 0.235 0.193 0.148 0.102 0.065 0.028 0.008 0.000 0.019 0.050 0.094 0.145 0.203 0.253 0.297 0.333 0.370 0.412 0.444 0.480 0.524 0.546 0.575 0.625 0.663 0.698 0.731 0.764 0.801 0.843 0.886 0.928
m 0.729 17 15 0.890 0.880 0.863 0.821 0.739 0.677 0.642 0.615 0.564 0.520 0.492 0.465 0.449 0.425 0.400 0.344 0.302 0.275 0.233 0.198 0.150 0.107 0.061 0.020 0.000 0.007 0.043 0.095 0.160 0.239 0.313 0.375 0.418 0.446 0.490 0.487 0.495 0.531 0.541 0.596 0.653 0.704 0.719 0.715 0.714 0.735 0.767 0.806 0.839
m 0.667 16 16 0.897 0.841 0.778 0.712 0.671 0.637 0.610 0.587 0.551 0.525 0.508 0.478 0.420 0.340 0.266 0.229 0.207 0.187 0.152 0.111 0.089 0.062 0.038 0.016 0.000 0.010 0.044 0.070 0.108 0.145 0.170 0.201 0.230 0.267 0.272 0.299 0.378 0.434 0.459 0.526 0.547 0.574 0.603 0.634 0.664 0.711 0.781 0.850 0.925
m 1.823 16 16 2.106 2.034 1.957 1.908 1.848 1.772 1.653 1.580 1.510 1.372 1.224 1.071 0.933 0.763 0.613 0.516 0.408 0.307 0.251 0.173 0.117 0.052 0.019 0.005 0.000 0.035 0.068 0.133 0.196 0.281 0.365 0.478 0.595 0.724 0.850 0.956 1.062 1.201 1.340 1.436 1.471 1.531 1.607 1.706 1.798 1.914 2.048 2.181 2.320
m 1.435 15 17 1.521 1.467 1.391 1.332 1.318 1.305 1.269 1.187 1.148 1.104 0.999 0.914 0.804 0.745 0.714 0.564 0.491 0.440 0.398 0.357 0.232 0.159 0.089 0.042 0.000 0.005 0.018 0.066 0.106 0.183 0.249 0.271 0.336 0.424 0.485 0.649 0.785 0.914 1.000 1.099 1.198 1.271 1.365 1.424 1.551 1.581 1.600 1.633 1.659
m 1.658 17 15 1.672 1.634 1.506 1.379 1.335 1.267 1.184 1.110 1.024 1.003 0.964 0.993 0.986 0.873 0.808 0.725 0.634 0.591 0.561 0.496 0.422 0.282 0.148 0.047 0.000 -0.013 0.030 0.106 0.227 0.360 0.570 0.723 0.941 1.039 1.151 1.220 1.374 1.480 1.536 1.637 1.742 1.811 1.848 1.904 1.980 2.066 2.126 2.177 2.234
m 1.845 17 15 2.138 2.045 1.966 1.861 1.765 1.678 1.577 1.469 1.332 1.211 1.136 1.046 0.958 0.855 0.744 0.673 0.599 0.511 0.395 0.299 0.211 0.127 0.060 0.024 0.000 0.016 0.050 0.156 0.277 0.424 0.562 0.714 0.855 0.992 1.094 1.192 1.301 1.420 1.532 1.584 1.624 1.697 1.782 1.852 1.925 2.057 2.192 2.300 2.395
m 1.129 14 18 1.167 1.112 1.054 0.993 0.952 0.897 0.905 0.870 0.823 0.793 0.766 0.728 0.706 0.694 0.641 0.588 0.528 0.437 0.403 0.336 0.235 0.137 0.060 0.017 0.000 0.025 0.080 0.159 0.226 0.286 0.361 0.400 0.482 0.540 0.603 0.674 0.755 0.832 0.867 0.920 0.976 1.040 1.159 1.246 1.306 1.357 1.418 1.502 1.576
m 0.827 14 18 0.980 0.931 0.896 0.857 0.828 0.800 0.768 0.735 0.716 0.708 0.674 0.606 0.547 0.502 0.460 0.421 0.396 0.365 0.308 0.272 0.212 0.166 0.108 0.047 0.000 -0.027 -0.030 -0.001 0.033 0.073 0.128 0.181 0.231 0.296 0.361 0.431 0.486 0.521 0.555 0.586 0.615 0.661 0.727 0.782 0.826 0.909 0.953 1.031 1.087
m 1.204 16 16 1.435 1.438 1.449 1.456 1.413 1.365 1.310 1.242 1.162 1.032 0.905 0.757 0.648 0.582 0.541 0.429 0.375 0.340 0.323 0.321 0.193 0.105 0.047 0.001 0.000 0.036 0.098 0.153 0.225 0.281 0.324 0.389 0.441 0.477 0.499 0.529 0.565 0.629 0.701 0.756 0.836 0.888 0.953 0.975 0.994 1.035 1.096 1.147 1.180
m 1.183 15 17 1.703 1.588 1.484 1.387 1.326 1.292 1.254 1.219 1.148 1.077 1.019 0.910 0.826 0.847 0.841 0.757 0.676 0.629 0.557 0.454 0.359 0.252 0.154 0.045 0.000 -0.002 0.069 0.159 0.243 0.329 0.411 0.440 0.515 0.591 0.632 0.667 0.700 0.713 0.726 0.776 0.808 0.868 0.938 0.993 1.039 1.089 1.142 1.207 1.272
m 0.853 18 14 1.181 1.113 1.041 0.988 0.929 0.864 0.781 0.708 0.665 0.607 0.541 0.474 0.417 0.359 0.313 0.265 0.204 0.162 0.114 0.072 0.035 0.015 -0.002 -0.005 0.000 0.021 0.047 0.087 0.136 0.197 0.254 0.323 0.372 0.433 0.490 0.528 0.560 0.587 0.640 0.683 0.711 0.733 0.743 0.756 0.778 0.817 0.863 0.909 0.980
m 0.807 17 15 0.898 0.829 0.791 0.765 0.735 0.708 0.667 0.598 0.558 0.502 0.442 0.411 0.394 0.375 0.352 0.300 0.250 0.220 0.180 0.142 0.114 0.072 0.040 0.017 0.000 0.012 0.036 0.089 0.136 0.197 0.261 0.316 0.363 0.417 0.477 0.508 0.566 0.603 0.665 0.704 0.744 0.750 0.790 0.824 0.879 0.942 0.961 0.983 1.023
m 1.253 17 15 1.469 1.437 1.399 1.349 1.305 1.251 1.190 1.116 1.039 0.947 0.887 0.826 0.766 0.693 0.591 0.493 0.378 0.310 0.176 0.110 0.076 0.041 0.005 -0.003 0.000 0.018 0.046 0.084 0.113 0.152 0.217 0.281 0.329 0.410 0.506 0.628 0.753 0.877 0.951 1.008 1.057 1.099 1.137 1.169 1.200 1.226 1.257 1.285 1.316
m 0.756 17 15 0.949 0.909 0.858 0.808 0.764 0.718 0.666 0.612 0.567 0.567 0.570 0.510 0.473 0.434 0.421 0.407 0.356 0.275 0.221 0.147 0.086 0.043 0.001 -0.010 0.000 0.035 0.079 0.125 0.173 0.220 0.260 0.285 0.332 0.349 0.422 0.461 0.491 0.502 0.554 0.603 0.628 0.651 0.678 0.715 0.747 0.782 0.817 0.860 0.916
m 0.929 17 15 1.174 1.129 1.076 1.022 0.974 0.923 0.868 0.800 0.731 0.651 0.552 0.485 0.426 0.380 0.327 0.297 0.247 0.172 0.122 0.083 0.046 0.028 0.010 0.001 0.000 0.018 0.038 0.070 0.106 0.152 0.204 0.268 0.329 0.386 0.439 0.502 0.555 0.608 0.651 0.709 0.751 0.795 0.828 0.843 0.884 0.920 0.964 1.001 1.040
m 0.694 16 16 0.829 0.777 0.738 0.700 0.728 0.696 0.650 0.581 0.575 0.558 0.534 0.544 0.536 0.526 0.460 0.436 0.378 0.323 0.265 0.199 0.139 0.063 0.026 0.008 0.000 0.019 0.049 0.093 0.152 0.203 0.242 0.281 0.336 0.357 0.407 0.441 0.470 0.495 0.512 0.526 0.577 0.629 0.644 0.663 0.687 0.713 0.743 0.816 0.907
m 0.790 17 15 0.947 0.915 0.900 0.888 0.862 0.837 0.799 0.746 0.681 0.617 0.569 0.534 0.506 0.462 0.422 0.386 0.348 0.303 0.257 0.212 0.157 0.103 0.060 0.019 0.000 -0.005 0.007 0.032 0.071 0.129 0.179 0.222 0.259 0.276 0.328 0.424 0.498 0.529 0.553 0.581 0.617 0.625 0.638 0.675 0.718 0.752 0.785 0.820 0.854
m 0.694 16 16 0.829 0.777 0.738 0.700 0.728 0.696 0.650 0.581 0.575 0.558 0.534 0.544 0.536 0.526 0.460 0.436 0.378 0.323 0.265 0.199 0.139 0.063 0.026 0.008 0.000 0.019 0.049 0.093 0.152 0.203 0.242 0.281 0.336 0.357 0.407 0.441 0.470 0.495 0.512 0.526 0.577 0.629 0.644 0.663 0.687 0.713 0.743 0.816 0.907
m 1.433 17 15 1.806 1.723 1.648 1.569 1.489 1.399 1.306 1.217 1.127 1.038 0.957 0.884 0.763 0.634 0.552 0.475 0.378 0.273 0.169 0.124 0.065 0.035 0.018 0.000 0.000 0.013 0.067 0.118 0.196 0.280 0.356 0.431 0.549 0.662 0.780 0.862 0.925 0.991 1.057 1.104 1.153 1.200 1.257 1.318 1.377 1.439 1.507 1.578 1.649
m 2.356 17 15 2.707 2.607 2.510 2.392 2.286 2.130 1.974 1.845 1.716 1.601 1.489 1.371 1.282 1.138 1.040 0.871 0.737 0.601 0.439 0.284 0.155 0.085 0.028 0.006 0.000 0.051 0.144 0.258 0.439 0.610 0.766 0.933 1.084 1.258 1.417 1.548 1.674 1.760 1.873 1.961 2.042 2.120 2.205 2.294 2.426 2.565 2.699 2.801 2.882
m 1.256 16 16 1.496 1.455 1.409 1.362 1.309 1.251 1.184 1.114 1.056 1.014 0.960 0.833 0.738 0.696 0.619 0.554 0.445 0.375 0.296 0.197 0.118 0.071 0.030 0.008 0.000 0.025 0.065 0.124 0.195 0.276 0.329 0.380 0.426 0.464 0.546 0.626 0.696 0.748 0.811 0.891 0.969 1.034 1.088 1.161 1.202 1.243 1.309 1.408 1.467
m 1.561 17 15 1.742 1.647 1.538 1.412 1.279 1.168 1.113 1.045 0.969 0.891 0.822 0.732 0.626 0.530 0.530 0.442 0.386 0.322 0.250 0.171 0.135 0.082 0.019 0.001 0.000 0.100 0.219 0.360 0.517 0.700 0.847 0.931 0.997 1.061 1.128 1.199 1.271 1.361 1.459 1.537 1.614 1.680 1.744 1.798 1.843 1.860 1.877 1.889 1.963
m 1.125 16 16 1.399 1.331 1.256 1.188 1.144 1.100 1.051 0.997 0.933 0.875 0.820 0.751 0.694 0.637 0.579 0.517 0.452 0.369 0.238 0.134 0.061 0.016 -0.008 -0.011 0.000 0.024 0.059 0.102 0.151 0.215 0.283 0.360 0.426 0.490 0.577 0.657 0.719 0.764 0.801 0.843 0.900 0.954 1.012 1.065 1.105 1.150 1.207 1.256 1.308
m 0.791 16 17 1.039 0.980 0.923 0.876 0.826 0.781 0.749 0.708 0.664 0.620 0.586 0.563 0.511 0.469 0.414 0.381 0.310 0.235 0.195 0.157 0.112 0.063 0.023 0.006 0.000 0.034 0.080 0.124 0.168 0.211 0.247 0.283 0.312 0.336 0.359 0.385 0.414 0.450 0.486 0.526 0.574 0.612 0.668 0.705 0.755 0.763 0.809 0.856 0.896
m 1.350 17 16 1.589 1.525 1.463 1.412 1.408 1.309 1.219 1.145 1.009 0.938 0.878 0.793 0.694 0.633 0.557 0.478 0.376 0.285 0.206 0.142 0.077 0.046 0.020 -0.005 0.000 0.055 0.121 0.176 0.237 0.327 0.437 0.514 0.592 0.662 0.743 0.809 0.876 0.919 0.978 1.028 1.062 1.092 1.155 1.223 1.292 1.372 1.468 1.554 1.617
m 0.731 16 17 0.927 0.878 0.835 0.810 0.788 0.711 0.676 0.665 0.660 0.606 0.541 0.479 0.433 0.389 0.352 0.326 0.290 0.248 0.197 0.146 0.088 0.052 0.032 0.012 0.000 -0.001 0.004 0.020 0.047 0.078 0.113 0.142 0.169 0.200 0.258 0.319 0.350 0.405 0.452 0.489 0.528 0.595 0.619 0.616 0.675 0.747 0.817 0.871 0.919
m 1.394 16 17 1.658 1.593 1.542 1.458 1.349 1.336 1.279 1.214 1.134 1.052 0.966 0.865 0.800 0.688 0.622 0.588 0.544 0.463 0.422 0.360 0.273 0.180 0.102 0.032 0.000 -0.003 0.045 0.115 0.183 0.243 0.331 0.409 0.481 0.551 0.629 0.705 0.765 0.826 0.929 1.022 1.100 1.181 1.262 1.346 1.439 1.520 1.626 1.711 1.767
m 1.172 17 16 1.404 1.347 1.289 1.192 1.119 1.047 0.983 0.931 0.857 0.734 0.658 0.577 0.559 0.510 0.445 0.393 0.398 0.350 0.308 0.207 0.154 0.105 0.057 0.020 0.000 0.010 0.039 0.078 0.122 0.174 0.233 0.324 0.404 0.485 0.542 0.625 0.712 0.778 0.826 0.953 1.027 1.064 1.119 1.175 1.225 1.283 1.353 1.424 1.493
m 0.606 17 16 0.746 0.707 0.672 0.638 0.603 0.562 0.532 0.494 0.471 0.451 0.429 0.427 0.409 0.391 0.362 0.318 0.265 0.216 0.190 0.144 0.080 0.047 0.020 0.001 0.000 0.026 0.063 0.115 0.179 0.238 0.313 0.367 0.396 0.396 0.392 0.395 0.424 0.456 0.478 0.479 0.494 0.521 0.561 0.582 0.609 0.646 0.680 0.721 0.762
m 0.867 16 17 1.074 1.041 1.007 0.975 0.946 0.916 0.884 0.832 0.767 0.706 0.649 0.606 0.566 0.518 0.478 0.434 0.391 0.350 0.291 0.226 0.167 0.120 0.070 0.034 0.000 -0.010 0.007 0.029 0.056 0.101 0.135 0.169 0.222 0.258 0.307 0.336 0.369 0.425 0.497 0.550 0.610 0.659 0.707 0.747 0.789 0.827 0.868 0.955 1.047
m 1.894 16 17 2.365 2.264 2.171 2.078 1.989 1.890 1.803 1.724 1.651 1.574 1.491 1.337 1.276 1.203 1.053 0.949 0.790 0.627 0.498 0.365 0.254 0.170 0.095 0.034 0.000 -0.000 0.012 0.046 0.096 0.182 0.266 0.382 0.481 0.584 0.735 0.826 0.899 0.976 1.076 1.208 1.381 1.498 1.608 1.696 1.800 1.911 2.013 2.125 2.260
m 1.687 17 16 2.001 1.877 1.739 1.622 1.478 1.395 1.332 1.263 1.175 1.071 0.970 0.878 0.794 0.690 0.613 0.520 0.453 0.400 0.323 0.268 0.196 0.138 0.089 0.031 0.000 0.025 0.064 0.135 0.183 0.231 0.300 0.375 0.459 0.553 0.688 0.886 1.077 1.210 1.338 1.428 1.528 1.640 1.730 1.824 1.896 1.995 2.099 2.207 2.280
m 1.854 17 16 2.205 2.107 2.054 1.966 1.859 1.775 1.680 1.592 1.439 1.376 1.275 1.179 1.120 1.100 1.058 0.926 0.790 0.639 0.552 0.430 0.289 0.165 0.057 0.005 0.000 0.042 0.104 0.188 0.291 0.409 0.522 0.644 0.747 0.868 0.979 1.085 1.161 1.272 1.353 1.437 1.520 1.598 1.679 1.778 1.848 1.903 1.961 2.063 2.176
m 0.977 16 17 1.124 1.078 1.030 0.981 0.930 0.881 0.842 0.809 0.773 0.724 0.671 0.601 0.528 0.460 0.396 0.320 0.270 0.216 0.162 0.117 0.081 0.053 0.028 0.008 0.000 0.009 0.030 0.057 0.093 0.130 0.170 0.219 0.280 0.344 0.401 0.458 0.516 0.580 0.641 0.703 0.791 0.855 0.923 0.970 1.023 1.113 1.163 1.188 1.241
m 0.827 17 16 1.016 0.959 0.900 0.835 0.781 0.736 0.696 0.645 0.594 0.534 0.472 0.421 0.397 0.368 0.365 0.324 0.268 0.213 0.146 0.108 0.071 0.038 0.017 0.003 0.000 0.016 0.042 0.078 0.121 0.155 0.200 0.248 0.299 0.349 0.395 0.447 0.535 0.607 0.671 0.698 0.717 0.747 0.785 0.820 0.873 0.927 0.991 1.050 1.108
m 1.311 17 16 1.572 1.523 1.459 1.409 1.376 1.328 1.289 1.194 1.070 0.968 0.939 0.915 0.746 0.569 0.409 0.273 0.254 0.222 0.134 0.093 0.046 0.022 -0.017 -0.018 0.000 0.049 0.106 0.174 0.243 0.325 0.391 0.457 0.551 0.610 0.671 0.739 0.817 0.885 0.936 0.977 1.015 1.048 1.102 1.169 1.247 1.322 1.406 1.478 1.548
m 1.152 16 17 1.311 1.251 1.185 1.129 1.079 1.035 0.983 0.932 0.871 0.824 0.741 0.641 0.540 0.446 0.343 0.292 0.261 0.219 0.173 0.129 0.090 0.058 0.030 0.013 0.000 -0.002 0.006 0.033 0.058 0.102 0.160 0.223 0.296 0.368 0.459 0.539 0.605 0.684 0.765 0.841 0.924 1.009 1.078 1.149 1.226 1.296 1.374 1.450 1.519
m 0.766 16 17 0.932 0.868 0.811 0.765 0.735 0.729 0.693 0.645 0.602 0.565 0.526 0.495 0.457 0.403 0.384 0.345 0.297 0.251 0.206 0.161 0.117 0.076 0.039 0.013 0.000 0.013 0.029 0.053 0.081 0.116 0.145 0.217 0.251 0.302 0.363 0.414 0.452 0.479 0.509 0.544 0.592 0.642 0.696 0.756 0.796 0.841 0.887 0.930 0.970
m 0.804 16 17 1.093 1.015 0.910 0.843 0.776 0.704 0.663 0.656 0.643 0.606 0.579 0.553 0.518 0.473 0.418 0.364 0.302 0.231 0.175 0.146 0.104 0.064 0.028 0.012 0.000 0.017 0.039 0.068 0.101 0.160 0.203 0.250 0.304 0.338 0.406 0.462 0.519 0.561 0.577 0.590 0.632 0.675 0.730 0.773 0.832 0.892 0.963 1.036 1.102
m 2.984 17 16 3.679 3.517 3.351 3.215 3.045 2.904 2.774 2.582 2.394 2.215 2.040 1.875 1.687 1.522 1.343 1.172 0.982 0.781 0.595 0.427 0.278 0.142 0.050 0.005 0.000 0.054 0.142 0.264 0.425 0.565 0.688 0.866 1.061 1.241 1.390 1.540 1.712 1.889 2.072 2.245 2.396 2.548 2.679 2.802 2.922 3.043 3.194 3.368 3.472
m 2.532 17 16 3.051 2.884 2.740 2.616 2.491 2.361 2.219 2.068 1.930 1.791 1.643 1.512 1.367 1.160 0.999 0.859 0.723 0.596 0.460 0.349 0.219 0.101 0.040 0.004 0.000 0.039 0.092 0.159 0.243 0.346 0.484 0.640 0.809 0.981 1.184 1.371 1.551 1.718 1.866 1.995 2.116 2.232 2.344 2.456 2.573 2.696 2.817 2.927 3.064
m 2.484 16 17 3.047 2.916 2.785 2.658 2.530 2.393 2.268 2.150 2.038 1.926 1.793 1.648 1.508 1.361 1.221 1.087 0.944 0.789 0.602 0.456 0.349 0.241 0.133 0.051 0.000 -0.012 0.005 0.038 0.110 0.225 0.330 0.447 0.586 0.827 0.985 1.101 1.194 1.335 1.563 1.697 1.857 2.052 2.211 2.353 2.438 2.580 2.762 2.948 3.150
m 2.233 16 17 2.804 2.675 2.532 2.387 2.286 2.188 2.092 1.975 1.838 1.723 1.621 1.520 1.413 1.276 1.125 0.977 0.837 0.693 0.533 0.403 0.277 0.188 0.090 0.040 0.000 -0.008 0.009 0.048 0.063 0.134 0.220 0.324 0.446 0.595 0.755 0.891 1.030 1.197 1.372 1.514 1.625 1.777 1.917 2.069 2.181 2.275 2.368 2.462 2.568
m 1.673 16 17 2.047 1.918 1.809 1.710 1.608 1.500 1.451 1.389 1.291 1.189 1.104 0.993 0.858 0.737 0.637 0.541 0.447 0.356 0.276 0.205 0.129 0.066 0.023 -0.009 0.000 0.040 0.101 0.185 0.274 0.363 0.455 0.529 0.617 0.703 0.785 0.860 0.949 1.053 1.156 1.262 1.376 1.488 1.562 1.635 1.739 1.826 1.897 1.968 2.048
m 0.827 16 17 1.065 0.987 0.915 0.850 0.818 0.772 0.741 0.705 0.659 0.590 0.539 0.502 0.453 0.421 0.392 0.357 0.280 0.232 0.181 0.129 0.092 0.057 0.026 0.006 0.000 0.009 0.024 0.051 0.071 0.103 0.136 0.171 0.205 0.252 0.308 0.353 0.398 0.448 0.498 0.557 0.621 0.683 0.735 0.784 0.836 0.899 0.964 1.033 1.104
m 1.592 16 17 1.958 1.886 1.810 1.733 1.643 1.574 1.514 1.461 1.387 1.292 1.189 1.089 1.034 0.948 0.851 0.746 0.620 0.496 0.442 0.320 0.223 0.146 0.078 0.028 0.000 0.011 0.031 0.082 0.155 0.269 0.407 0.529 0.663 0.751 0.796 0.834 0.900 1.000 1.065 1.130 1.211 1.306 1.395 1.470 1.541 1.620 1.724 1.858 1.958
m 1.672 17 16 1.972 1.838 1.715 1.626 1.539 1.477 1.397 1.273 1.141 1.061 0.998 0.944 0.837 0.709 0.586 0.475 0.406 0.337 0.230 0.159 0.071 0.039 0.007 -0.008 0.000 0.035 0.094 0.156 0.232 0.309 0.420 0.518 0.603 0.738 0.856 0.970 1.045 1.153 1.266 1.391 1.482 1.576 1.658 1.717 1.806 1.927 2.028 2.122 2.219
m 1.084 16 17 1.278 1.206 1.141 1.118 1.094 1.067 1.041 0.982 0.905 0.834 0.765 0.697 0.630 0.560 0.490 0.409 0.345 0.323 0.272 0.211 0.144 0.094 0.051 0.022 0.000 -0.013 -0.010 0.008 0.036 0.080 0.145 0.217 0.292 0.360 0.436 0.513 0.587 0.649 0.729 0.807 0.856 0.897 0.959 1.018 1.074 1.133 1.211 1.299 1.383
m 1.769 16 17 1.798 1.743 1.686 1.624 1.567 1.525 1.484 1.414 1.312 1.202 1.095 1.028 0.935 0.837 0.742 0.666 0.620 0.478 0.362 0.269 0.205 0.139 0.082 0.031 0.000 -0.001 0.023 0.106 0.231 0.336 0.456 0.532 0.593 0.706 0.848 0.989 1.098 1.170 1.255 1.361 1.479 1.611 1.741 1.869 1.971 2.071 2.163 2.243 2.320
m 1.137 15 18 1.354 1.294 1.244 1.175 1.108 1.076 1.033 0.997 0.954 0.899 0.839 0.751 0.659 0.568 0.484 0.403 0.343 0.287 0.234 0.189 0.136 0.087 0.043 0.016 0.000 0.015 0.059 0.119 0.186 0.261 0.318 0.380 0.456 0.496 0.529 0.551 0.599 0.644 0.696 0.765 0.835 0.904 0.991 1.081 1.166 1.277 1.399 1.512 1.608
m 1.570 16 17 1.909 1.822 1.736 1.654 1.572 1.488 1.418 1.354 1.266 1.163 1.050 0.954 0.850 0.740 0.622 0.503 0.414 0.322 0.246 0.190 0.145 0.100 0.057 0.022 0.000 -0.003 0.011 0.038 0.085 0.145 0.241 0.343 0.444 0.550 0.668 0.775 0.857 0.950 1.053 1.134 1.201 1.286 1.378 1.474 1.567 1.658 1.747 1.828 1.912
m 0.823 18 15 1.044 0.992 0.932 0.867 0.811 0.750 0.693 0.641 0.595 0.608 0.565 0.509 0.437 0.399 0.375 0.319 0.270 0.231 0.176 0.143 0.114 0.068 0.036 0.015 0.000 -0.001 0.003 0.036 0.087 0.122 0.159 0.213 0.253 0.338 0.448 0.521 0.536 0.574 0.620 0.670 0.715 0.746 0.777 0.805 0.835 0.893 0.952 0.996 1.057
m 1.978 18 15 2.271 2.167 2.045 1.901 1.752 1.627 1.510 1.377 1.265 1.144 1.002 0.843 0.739 0.626 0.519 0.444 0.353 0.239 0.136 0.047 -0.007 -0.051 -0.041 -0.031 0.000 0.054 0.148 0.214 0.308 0.416 0.492 0.675 0.817 0.987 1.154 1.241 1.388 1.548 1.672 1.795 1.882 1.895 1.964 2.080 2.203 2.297 2.383 2.457 2.511
m 1.570 16 17 1.909 1.822 1.736 1.654 1.572 1.488 1.418 1.354 1.266 1.163 1.050 0.954 0.850 0.740 0.622 0.503 0.414 0.322 0.246 0.190 0.145 0.100 0.057 0.022 0.000 -0.003 0.011 0.038 0.085 0.145 0.241 0.343 0.444 0.550 0.668 0.775 0.857 0.950 1.053 1.134 1.201 1.286 1.378 1.474 1.567 1.658 1.747 1.828 1.912
m 0.823 18 15 1.044 0.992 0.932 0.867 0.811 0.750 0.693 0.641 0.595 0.608 0.565 0.509 0.437 0.399 0.375 0.319 0.270 0.231 0.176 0.143 0.114 0.068 0.036 0.015 0.000 -0.001 0.003 0.036 0.087 0.122 0.159 0.213 0.253 0.338 0.448 0.521 0.536 0.574 0.620 0.670 0.715 0.746 0.777 0.805 0.835 0.893 0.952 0.996 1.057
m 1.174 16 17 1.487 1.420 1.359 1.292 1.235 1.181 1.135 1.086 1.021 0.957 0.892 0.826 0.762 0.697 0.628 0.556 0.480 0.418 0.349 0.273 0.203 0.144 0.074 0.031 0.000 0.019 0.056 0.087 0.130 0.184 0.219 0.260 0.332 0.411 0.493 0.579 0.617 0.678 0.739 0.799 0.858 0.915 0.972 1.028 1.113 1.170 1.251 1.336 1.419
m 2.109 17 16 2.704 2.569 2.394 2.220 2.064 1.941 1.813 1.683 1.564 1.452 1.319 1.177 1.087 0.999 0.910 0.808 0.663 0.568 0.466 0.361 0.225 0.137 0.061 0.006 0.000 0.074 0.175 0.318 0.463 0.598 0.719 0.861 0.963 1.048 1.127 1.212 1.289 1.399 1.545 1.646 1.747 1.852 1.969 2.066 2.154 2.245 2.359 2.472 2.585
m 1.652 16 17 2.068 1.999 1.926 1.829 1.755 1.685 1.650 1.551 1.438 1.346 1.287 1.230 1.143 1.042 0.928 0.784 0.655 0.573 0.485 0.374 0.252 0.165 0.099 0.039 0.000 -0.008 -0.002 0.023 0.074 0.130 0.236 0.364 0.516 0.592 0.634 0.675 0.768 0.863 0.994 1.097 1.170 1.242 1.341 1.442 1.549 1.633 1.693 1.760 1.863
m 1.408 17 16 1.743 1.648 1.491 1.325 1.233 1.152 1.069 0.991 0.913 0.814 0.729 0.671 0.632 0.574 0.519 0.458 0.409 0.360 0.300 0.242 0.175 0.121 0.064 0.028 0.000 0.010 0.039 0.098 0.157 0.242 0.335 0.442 0.522 0.622 0.710 0.815 0.920 1.040 1.125 1.203 1.276 1.364 1.432 1.501 1.583 1.668 1.741 1.820 1.903
m 1.465 16 17 1.847 1.737 1.616 1.552 1.496 1.404 1.333 1.282 1.228 1.174 1.070 0.978 0.902 0.846 0.790 0.705 0.585 0.506 0.434 0.339 0.245 0.159 0.083 0.029 0.000 0.009 0.040 0.079 0.115 0.177 0.296 0.437 0.545 0.621 0.694 0.782 0.852 0.951 1.014 1.055 1.125 1.189 1.267 1.351 1.434 1.541 1.662 1.762 1.865
m 1.144 16 17 1.285 1.223 1.140 1.058 1.002 0.954 0.917 0.874 0.806 0.724 0.668 0.590 0.509 0.427 0.341 0.273 0.230 0.165 0.115 0.074 0.046 0.029 0.007 -0.001 0.000 0.024 0.048 0.092 0.144 0.195 0.252 0.314 0.373 0.440 0.515 0.596 0.678 0.748 0.813 0.891 0.966 1.051 1.139 1.214 1.286 1.350 1.397 1.446 1.493
m 1.610 16 17 1.907 1.847 1.816 1.776 1.689 1.586 1.527 1.465 1.365 1.259 1.170 1.061 0.929 0.829 0.703 0.591 0.492 0.391 0.313 0.246 0.166 0.095 0.046 0.016 0.000 0.022 0.051 0.107 0.163 0.208 0.274 0.342 0.475 0.612 0.715 0.816 0.861 0.913 0.991 1.101 1.188 1.254 1.334 1.449 1.532 1.632 1.736 1.852 1.951
m 2.259 16 17 2.791 2.664 2.543 2.416 2.298 2.182 2.110 1.997 1.887 1.795 1.696 1.604 1.512 1.393 1.227 1.094 0.953 0.823 0.654 0.505 0.347 0.217 0.113 0.043 0.000 0.018 0.094 0.220 0.365 0.515 0.651 0.814 0.974 1.163 1.254 1.363 1.474 1.556 1.623 1.681 1.762 1.854 1.951 2.076 2.219 2.396 2.585 2.722 2.808
m 1.766 16 17 2.165 2.102 1.992 1.888 1.795 1.712 1.635 1.576 1.487 1.422 1.365 1.271 1.154 1.033 0.879 0.729 0.615 0.498 0.407 0.328 0.215 0.133 0.064 0.023 0.000 0.029 0.081 0.158 0.242 0.351 0.466 0.555 0.633 0.751 0.820 0.932 1.031 1.126 1.198 1.272 1.341 1.429 1.521 1.637 1.737 1.828 1.915 2.002 2.089
m 1.727 17 16 2.791 2.679 2.561 2.409 2.254 2.098 2.001 1.856 1.703 1.547 1.387 1.247 1.122 0.972 0.828 0.753 0.615 0.503 0.383 0.293 0.219 0.144 0.086 0.033 0.000 0.003 0.020 0.054 0.085 0.159 0.213 0.270 0.368 0.488 0.566 0.688 0.768 0.836 0.882 0.911 0.963 1.017 1.074 1.134 1.200 1.276 1.491 1.656 1.745
m 1.880 17 16 2.182 2.049 1.947 1.860 1.746 1.666 1.625 1.485 1.327 1.199 1.177 1.104 1.003 0.831 0.707 0.622 0.530 0.399 0.304 0.185 0.139 0.087 0.037 0.010 0.000 0.041 0.162 0.297 0.423 0.590 0.747 0.827 0.900 0.962 1.025 1.135 1.225 1.311 1.386 1.473 1.621 1.748 1.858 1.933 2.015 2.103 2.195 2.239 2.279
m 1.081 17 16 1.358 1.369 1.377 1.389 1.370 1.330 1.323 1.265 1.077 0.966 0.943 0.766 0.721 0.699 0.671 0.591 0.502 0.452 0.370 0.282 0.230 0.157 0.069 0.009 0.000 0.036 0.108 0.179 0.256 0.295 0.329 0.358 0.366 0.382 0.412 0.440 0.527 0.561 0.591 0.619 0.652 0.686 0.721 0.753 0.805 0.865 0.933 1.039 1.085
m 0.669 17 16 0.824 0.798 0.783 0.750 0.699 0.658 0.614 0.571 0.526 0.479 0.420 0.360 0.306 0.274 0.242 0.217 0.181 0.158 0.135 0.101 0.077 0.055 0.014 0.005 0.000 0.026 0.059 0.097 0.147 0.176 0.206 0.244 0.273 0.306 0.334 0.362 0.379 0.440 0.472 0.499 0.532 0.579 0.599 0.612 0.639 0.680 0.732 0.788 0.834
m 1.245 16 18 1.527 1.389 1.283 1.153 1.071 0.985 0.942 0.950 0.891 0.806 0.772 0.747 0.681 0.606 0.571 0.477 0.417 0.372 0.344 0.342 0.260 0.189 0.113 0.053 0.000 0.006 0.038 0.105 0.159 0.227 0.293 0.351 0.362 0.445 0.536 0.618 0.687 0.758 0.841 0.910 1.003 1.092 1.191 1.291 1.420 1.490 1.569 1.668 1.766
m 0.991 17 17 1.199 1.144 1.093 1.048 0.997 0.912 0.852 0.800 0.752 0.707 0.653 0.590 0.540 0.456 0.400 0.336 0.285 0.217 0.170 0.123 0.077 0.048 0.018 0.001 0.000 0.026 0.053 0.091 0.130 0.184 0.238 0.282 0.325 0.362 0.401 0.445 0.492 0.548 0.605 0.674 0.736 0.811 0.871 0.927 0.985 1.059 1.132 1.216 1.277
m 0.738 17 17 0.884 0.851 0.795 0.719 0.660 0.611 0.574 0.528 0.487 0.441 0.389 0.343 0.292 0.237 0.200 0.171 0.142 0.117 0.089 0.065 0.040 0.026 0.011 0.003 0.000 0.008 0.020 0.036 0.060 0.086 0.113 0.137 0.169 0.218 0.279 0.337 0.412 0.467 0.521 0.569 0.615 0.677 0.743 0.784 0.816 0.864 0.914 0.950 0.987
m 1.598 17 17 1.988 1.892 1.809 1.714 1.619 1.528 1.418 1.311 1.163 1.011 0.861 0.779 0.623 0.535 0.481 0.383 0.254 0.145 0.103 0.063 -0.009 -0.032 -0.037 -0.025 0.000 0.042 0.103 0.163 0.234 0.321 0.402 0.459 0.541 0.629 0.690 0.759 0.841 0.933 1.031 1.116 1.211 1.307 1.396 1.492 1.577 1.675 1.781 1.896 2.004
m 0.998 17 17 1.117 1.060 1.007 0.963 0.907 0.856 0.800 0.756 0.722 0.690 0.651 0.563 0.466 0.399 0.349 0.297 0.231 0.187 0.148 0.107 0.072 0.043 0.015 0.001 0.000 0.016 0.045 0.074 0.111 0.160 0.211 0.300 0.387 0.459 0.512 0.562 0.608 0.648 0.715 0.784 0.852 0.921 0.989 1.040 1.090 1.137 1.190 1.243 1.299
m 1.711 17 17 2.056 1.962 1.870 1.745 1.610 1.514 1.439 1.349 1.230 1.111 0.984 0.841 0.717 0.600 0.488 0.418 0.352 0.285 0.201 0.143 0.102 0.062 0.029 0.010 0.000 -0.001 0.010 0.034 0.094 0.163 0.233 0.331 0.466 0.605 0.726 0.849 0.945 1.045 1.146 1.242 1.360 1.487 1.615 1.716 1.812 1.929 2.025 2.109 2.202
m 1.774 17 17 2.303 2.206 2.106 1.995 1.880 1.766 1.648 1.527 1.405 1.285 1.155 1.033 0.925 0.821 0.742 0.664 0.570 0.474 0.375 0.279 0.194 0.135 0.075 0.036 0.000 -0.006 0.024 0.060 0.105 0.169 0.238 0.321 0.386 0.457 0.558 0.680 0.808 0.922 1.015 1.135 1.269 1.373 1.472 1.564 1.667 1.772 1.893 2.027 2.154
m 1.113 18 16 1.620 1.529 1.450 1.376 1.252 1.139 1.029 0.920 0.813 0.708 0.633 0.589 0.520 0.457 0.399 0.349 0.295 0.245 0.211 0.161 0.118 0.072 0.032 0.012 0.000 0.007 0.036 0.066 0.092 0.108 0.143 0.190 0.221 0.280 0.323 0.399 0.462 0.563 0.657 0.715 0.799 0.845 0.853 0.900 0.974 1.045 1.127 1.196 1.331
m 1.181 17 17 1.605 1.560 1.490 1.403 1.291 1.222 1.157 1.081 0.999 0.932 0.849 0.768 0.681 0.561 0.454 0.361 0.284 0.254 0.232 0.186 0.130 0.085 0.052 0.023 0.000 0.008 0.026 0.038 0.049 0.080 0.129 0.212 0.265 0.317 0.367 0.413 0.479 0.541 0.611 0.705 0.801 0.879 0.949 1.008 1.072 1.137 1.255 1.357 1.421
m 0.609 17 17 0.836 0.795 0.753 0.707 0.657 0.619 0.576 0.534 0.494 0.455 0.417 0.379 0.342 0.304 0.270 0.237 0.198 0.162 0.131 0.100 0.070 0.043 0.022 0.009 0.000 0.000 0.005 0.016 0.028 0.048 0.076 0.107 0.135 0.163 0.209 0.249 0.290 0.334 0.369 0.399 0.434 0.477 0.509 0.534 0.560 0.587 0.610 0.632 0.672
m 0.832 18 16 1.149 1.094 1.038 0.974 0.914 0.854 0.787 0.722 0.660 0.594 0.530 0.466 0.418 0.405 0.349 0.295 0.242 0.195 0.154 0.122 0.090 0.059 0.030 0.010 0.000 -0.001 0.009 0.029 0.053 0.071 0.104 0.141 0.184 0.230 0.291 0.347 0.407 0.459 0.506 0.556 0.602 0.645 0.662 0.703 0.750 0.807 0.892 0.965 1.034
m 1.610 17 17 1.997 1.898 1.795 1.680 1.605 1.513 1.403 1.289 1.173 1.053 0.928 0.818 0.706 0.599 0.494 0.403 0.320 0.244 0.181 0.131 0.084 0.038 0.014 0.001 0.000 0.011 0.030 0.066 0.112 0.164 0.235 0.316 0.395 0.496 0.598 0.701 0.808 0.914 1.052 1.161 1.261 1.342 1.424 1.515 1.616 1.703 1.795 1.893 1.993
m 1.610 17 17 1.835 1.757 1.669 1.582 1.502 1.423 1.347 1.271 1.199 1.125 1.054 0.987 0.917 0.837 0.756 0.678 0.591 0.491 0.363 0.254 0.164 0.102 0.056 0.021 0.000 0.001 0.012 0.054 0.105 0.161 0.202 0.263 0.343 0.428 0.525 0.634 0.769 0.912 1.033 1.161 1.280 1.397 1.510 1.619 1.718 1.827 1.934 2.013 2.091
m 1.178 17 17 1.550 1.483 1.416 1.328 1.246 1.149 1.091 1.013 0.928 0.860 0.774 0.667 0.565 0.468 0.389 0.318 0.251 0.194 0.141 0.108 0.072 0.048 0.024 0.008 0.000 0.002 0.013 0.034 0.059 0.092 0.137 0.193 0.246 0.302 0.372 0.437 0.506 0.561 0.647 0.750 0.814 0.897 0.980 1.036 1.109 1.190 1.295 1.380 1.455
m 1.785 17 17 2.090 2.017 1.928 1.850 1.755 1.665 1.580 1.484 1.385 1.293 1.180 1.077 0.985 0.881 0.777 0.690 0.604 0.510 0.426 0.327 0.238 0.156 0.088 0.040 0.000 -0.003 0.008 0.064 0.112 0.214 0.345 0.484 0.562 0.723 0.845 0.956 1.073 1.125 1.208 1.315 1.434 1.535 1.629 1.725 1.815 1.907 2.006 2.102 2.198
m 0.732 17 17 0.880 0.840 0.804 0.776 0.722 0.692 0.660 0.580 0.524 0.477 0.444 0.420 0.370 0.349 0.325 0.300 0.273 0.248 0.200 0.164 0.130 0.087 0.042 0.013 0.000 0.007 0.035 0.073 0.110 0.154 0.194 0.228 0.250 0.286 0.344 0.377 0.411 0.450 0.494 0.540 0.585 0.630 0.659 0.695 0.741 0.784 0.828 0.869 0.903
m 1.759 17 17 2.254 2.106 2.007 1.906 1.800 1.717 1.636 1.522 1.429 1.355 1.253 1.112 1.031 0.945 0.847 0.739 0.647 0.561 0.471 0.380 0.286 0.176 0.099 0.040 0.000 -0.015 -0.003 0.031 0.096 0.159 0.208 0.260 0.328 0.454 0.583 0.721 0.875 1.029 1.146 1.265 1.371 1.462 1.551 1.636 1.717 1.815 1.938 2.053 2.145
m 2.203 17 17 2.732 2.543 2.376 2.218 2.062 1.935 1.810 1.679 1.525 1.346 1.193 1.049 0.877 0.753 0.669 0.590 0.505 0.413 0.336 0.233 0.132 0.074 0.042 0.008 0.000 0.041 0.106 0.178 0.276 0.387 0.522 0.635 0.733 0.849 1.013 1.221 1.398 1.513 1.608 1.730 1.866 2.004 2.109 2.221 2.343 2.487 2.619 2.744 2.889
m 0.882 17 17 0.939 0.924 0.892 0.846 0.801 0.774 0.711 0.669 0.609 0.558 0.492 0.420 0.385 0.350 0.318 0.274 0.229 0.189 0.146 0.099 0.058 0.038 0.024 0.009 0.000 0.009 0.023 0.043 0.085 0.120 0.143 0.164 0.216 0.290 0.355 0.449 0.500 0.551 0.609 0.686 0.761 0.831 0.885 0.926 0.964 1.003 1.039 1.079 1.120
m 1.352 17 17 1.614 1.720 1.589 1.478 1.349 1.207 1.239 1.114 1.040 1.022 0.979 1.033 0.966 0.918 0.817 0.737 0.664 0.638 0.569 0.463 0.331 0.218 0.124 0.045 0.000 0.007 0.050 0.138 0.221 0.306 0.374 0.472 0.491 0.508 0.599 0.675 0.742 0.798 0.795 0.944 1.056 1.149 1.236 1.301 1.354 1.389 1.499 1.566 1.616
m 1.583 17 17 1.978 1.882 1.809 1.710 1.633 1.542 1.439 1.323 1.220 1.114 0.985 0.914 0.804 0.609 0.501 0.396 0.319 0.276 0.223 0.160 0.103 0.081 0.039 0.017 0.000 0.020 0.050 0.084 0.124 0.208 0.309 0.387 0.461 0.528 0.594 0.697 0.796 0.892 0.970 1.081 1.168 1.265 1.364 1.465 1.533 1.625 1.729 1.840 1.970
m 1.362 18 16 1.569 1.441 1.315 1.226 1.111 1.021 0.944 0.877 0.819 0.764 0.685 0.626 0.579 0.504 0.432 0.402 0.353 0.311 0.290 0.214 0.185 0.134 0.075 0.027 0.000 0.017 0.039 0.088 0.130 0.222 0.283 0.345 0.430 0.518 0.647 0.779 0.885 0.982 1.089 1.220 1.314 1.385 1.465 1.540 1.613 1.688 1.750 1.811 1.872
m 1.031 16 18 1.261 1.210 1.159 1.109 1.070 1.034 0.983 0.937 0.896 0.842 0.775 0.730 0.665 0.627 0.579 0.509 0.431 0.361 0.297 0.209 0.148 0.094 0.050 0.022 0.000 0.007 0.027 0.053 0.085 0.121 0.162 0.225 0.302 0.381 0.444 0.500 0.505 0.562 0.629 0.680 0.747 0.788 0.859 0.928 0.993 1.052 1.104 1.149 1.184
m 1.031 17 17 1.338 1.281 1.230 1.158 1.083 1.008 0.950 0.901 0.854 0.802 0.748 0.692 0.637 0.584 0.528 0.479 0.426 0.364 0.301 0.245 0.186 0.132 0.079 0.038 0.000 -0.015 -0.007 0.010 0.073 0.136 0.168 0.233 0.277 0.340 0.414 0.477 0.540 0.595 0.643 0.696 0.762 0.811 0.867 0.929 0.980 1.025 1.076 1.152 1.215
m 1.246 18 16 1.511 1.441 1.355 1.269 1.195 1.130 1.059 0.953 0.859 0.836 0.825 0.768 0.716 0.650 0.580 0.496 0.413 0.344 0.295 0.238 0.177 0.118 0.061 0.020 0.000 0.013 0.040 0.085 0.149 0.241 0.332 0.405 0.458 0.512 0.564 0.602 0.712 0.798 0.896 1.030 1.131 1.196 1.235 1.260 1.297 1.356 1.455 1.545 1.584
m 1.210 17 17 1.236 1.152 1.069 0.938 0.872 0.783 0.784 0.732 0.668 0.604 0.618 0.566 0.596 0.593 0.590 0.543 0.450 0.395 0.337 0.290 0.208 0.144 0.071 0.023 0.000 0.015 0.055 0.133 0.170 0.209 0.315 0.411 0.510 0.575 0.651 0.786 0.950 1.023 1.081 1.167 1.209 1.306 1.384 1.495 1.549 1.605 1.658 1.688 1.689
m 1.516 16 18 1.568 1.514 1.468 1.452 1.440 1.356 1.266 1.257 1.162 1.063 0.936 0.821 0.700 0.587 0.494 0.421 0.312 0.234 0.176 0.121 0.087 0.042 0.019 0.001 0.000 0.010 0.040 0.073 0.113 0.160 0.229 0.290 0.354 0.408 0.462 0.530 0.612 0.711 0.815 0.930 1.048 1.168 1.333 1.432 1.593 1.748 1.874 1.934 1.965
m 0.943 18 16 1.212 1.170 1.113 1.053 0.980 0.906 0.826 0.736 0.657 0.626 0.587 0.556 0.474 0.376 0.362 0.312 0.276 0.244 0.195 0.149 0.100 0.068 0.037 0.013 0.000 0.012 0.025 0.056 0.095 0.134 0.177 0.237 0.292 0.352 0.383 0.430 0.489 0.547 0.612 0.672 0.725 0.777 0.823 0.867 0.905 0.945 0.989 1.032 1.086
m 1.402 17 17 1.653 1.591 1.534 1.481 1.431 1.370 1.297 1.195 1.081 0.986 0.871 0.769 0.690 0.606 0.543 0.459 0.396 0.321 0.249 0.186 0.128 0.083 0.045 0.020 0.000 0.007 0.034 0.064 0.116 0.149 0.253 0.354 0.422 0.487 0.564 0.665 0.771 0.831 0.912 1.012 1.058 1.123 1.233 1.308 1.374 1.426 1.501 1.607 1.721
m 1.203 17 17 1.533 1.440 1.326 1.231 1.144 1.074 1.009 0.933 0.844 0.758 0.683 0.602 0.513 0.424 0.346 0.278 0.212 0.152 0.103 0.073 0.046 0.019 0.001 -0.003 0.000 0.019 0.044 0.084 0.119 0.171 0.212 0.264 0.326 0.388 0.455 0.530 0.610 0.688 0.783 0.860 0.939 1.010 1.097 1.181 1.262 1.345 1.460 1.543 1.624
m 0.848 17 17 0.911 0.872 0.836 0.793 0.743 0.710 0.671 0.627 0.564 0.507 0.458 0.407 0.360 0.323 0.287 0.251 0.200 0.153 0.116 0.093 0.073 0.042 0.018 0.001 0.000 0.014 0.045 0.078 0.118 0.160 0.220 0.268 0.308 0.347 0.398 0.463 0.511 0.559 0.616 0.670 0.714 0.767 0.825 0.886 0.953 1.005 1.077 1.107 1.088
m 1.045 17 17 1.420 1.344 1.250 1.155 1.071 0.990 0.945 0.866 0.782 0.697 0.620 0.563 0.517 0.469 0.399 0.345 0.276 0.211 0.153 0.114 0.073 0.044 0.019 0.007 0.000 0.006 0.022 0.045 0.075 0.107 0.164 0.216 0.279 0.327 0.376 0.450 0.514 0.575 0.635 0.695 0.754 0.818 0.882 0.949 1.019 1.090 1.151 1.269 1.352
m 1.325 17 17 1.726 1.664 1.590 1.508 1.435 1.375 1.314 1.234 1.143 1.057 0.948 0.851 0.773 0.715 0.657 0.597 0.536 0.473 0.406 0.333 0.261 0.191 0.123 0.057 0.000 -0.011 0.013 0.067 0.110 0.158 0.232 0.272 0.367 0.450 0.478 0.584 0.671 0.777 0.841 0.884 0.930 0.976 1.048 1.138 1.215 1.292 1.394 1.502 1.606
m 1.283 17 17 1.667 1.578 1.488 1.419 1.347 1.256 1.169 1.090 1.017 0.946 0.876 0.817 0.783 0.707 0.638 0.582 0.559 0.540 0.492 0.413 0.304 0.201 0.095 0.028 0.000 0.023 0.071 0.157 0.248 0.346 0.406 0.503 0.555 0.608 0.662 0.718 0.798 0.814 0.808 0.857 0.914 0.987 1.058 1.137 1.218 1.303 1.390 1.480 1.575
m 2.527 17 17 2.622 2.529 2.429 2.331 2.206 2.082 1.958 1.864 1.694 1.542 1.414 1.302 1.204 1.104 1.003 0.920 0.824 0.759 0.675 0.499 0.384 0.251 0.158 0.048 0.000 -0.005 0.048 0.142 0.232 0.366 0.506 0.664 0.739 0.853 1.093 1.353 1.504 1.645 1.877 2.097 2.253 2.380 2.567 2.715 2.848 3.002 3.132 3.240 3.337
m 1.999 17 17 2.515 2.401 2.295 2.179 2.078 1.966 1.837 1.695 1.560 1.415 1.287 1.176 1.071 0.966 0.833 0.675 0.494 0.341 0.259 0.177 0.100 0.041 0.020 0.001 0.000 0.019 0.051 0.102 0.158 0.244 0.338 0.438 0.550 0.663 0.805 0.917 1.078 1.208 1.295 1.386 1.482 1.566 1.665 1.789 1.921 2.077 2.199 2.315 2.432
m 1.641 17 17 1.910 1.835 1.788 1.730 1.684 1.630 1.558 1.464 1.335 1.232 1.107 0.989 0.925 0.800 0.646 0.531 0.407 0.321 0.260 0.194 0.138 0.090 0.047 0.011 0.000 0.013 0.038 0.076 0.137 0.196 0.245 0.315 0.411 0.531 0.601 0.740 0.878 1.000 1.105 1.179 1.253 1.331 1.413 1.515 1.597 1.692 1.792 1.873 1.947
m 1.993 17 17 2.497 2.358 2.220 2.092 1.975 1.873 1.768 1.607 1.435 1.291 1.189 1.088 0.999 0.898 0.776 0.625 0.478 0.375 0.298 0.218 0.132 0.061 0.023 -0.000 0.000 0.032 0.087 0.148 0.228 0.320 0.409 0.507 0.603 0.719 0.841 0.970 1.102 1.221 1.346 1.471 1.595 1.704 1.801 1.912 2.012 2.117 2.242 2.322 2.463
m 0.778 18 16 0.966 0.936 0.901 0.878 0.857 0.805 0.727 0.674 0.661 0.650 0.632 0.596 0.562 0.526 0.488 0.451 0.413 0.358 0.289 0.234 0.175 0.125 0.079 0.037 0.000 -0.015 -0.004 0.008 0.055 0.099 0.148 0.179 0.235 0.291 0.312 0.378 0.398 0.438 0.511 0.553 0.595 0.625 0.651 0.675 0.699 0.719 0.738 0.750 0.816
m 1.606 17 17 2.070 1.954 1.809 1.679 1.586 1.503 1.451 1.344 1.202 1.066 0.942 0.823 0.710 0.622 0.485 0.386 0.311 0.229 0.157 0.095 0.036 0.004 -0.026 -0.024 0.000 0.045 0.105 0.176 0.256 0.328 0.405 0.487 0.564 0.637 0.718 0.795 0.910 1.015 1.115 1.203 1.299 1.373 1.459 1.536 1.626 1.716 1.810 1.900 1.991
m 2.522 17 17 3.120 3.004 2.898 2.747 2.568 2.392 2.281 2.147 1.963 1.784 1.676 1.562 1.416 1.261 1.096 0.900 0.726 0.574 0.424 0.274 0.135 0.053 0.011 -0.004 0.000 0.043 0.110 0.202 0.332 0.476 0.619 0.762 0.896 1.047 1.180 1.270 1.359 1.465 1.578 1.716 1.867 2.026 2.185 2.335 2.477 2.612 2.739 2.867 2.989
m 1.420 17 17 1.769 1.662 1.534 1.423 1.313 1.213 1.149 1.090 1.040 0.970 0.859 0.744 0.632 0.541 0.458 0.340 0.242 0.223 0.151 0.101 0.050 0.017 -0.004 -0.008 0.000 0.022 0.076 0.130 0.190 0.264 0.385 0.466 0.515 0.559 0.621 0.709 0.808 0.932 0.940 1.056 1.141 1.225 1.302 1.410 1.528 1.607 1.692 1.810 1.931
m 0.907 16 18 1.103 1.073 1.029 0.991 0.944 0.881 0.852 0.832 0.787 0.708 0.669 0.641 0.604 0.565 0.514 0.462 0.410 0.354 0.295 0.242 0.188 0.134 0.081 0.036 0.000 -0.015 -0.014 0.003 0.022 0.068 0.113 0.161 0.210 0.235 0.267 0.300 0.337 0.387 0.434 0.504 0.575 0.643 0.727 0.804 0.871 0.949 1.031 1.107 1.172
m 1.758 18 16 1.934 1.805 1.697 1.594 1.489 1.381 1.258 1.126 1.001 0.899 0.801 0.705 0.612 0.552 0.503 0.436 0.373 0.310 0.256 0.189 0.138 0.060 0.036 0.008 0.000 0.004 0.050 0.134 0.258 0.411 0.511 0.628 0.807 0.919 1.043 1.183 1.305 1.407 1.510 1.591 1.629 1.667 1.791 1.905 2.027 2.164 2.279 2.386 2.478
m 1.773 17 17 1.842 1.750 1.655 1.520 1.389 1.344 1.263 1.155 1.053 0.966 0.886 0.806 0.796 0.764 0.715 0.670 0.618 0.567 0.494 0.401 0.321 0.229 0.133 0.064 0.000 -0.035 -0.050 -0.038 -0.014 0.046 0.117 0.222 0.343 0.470 0.613 0.808 1.015 1.180 1.345 1.521 1.671 1.826 1.928 2.037 2.157 2.232 2.304 2.378 2.447
m 1.578 17 17 2.073 1.960 1.833 1.695 1.582 1.495 1.400 1.287 1.154 1.023 0.899 0.804 0.708 0.644 0.570 0.518 0.406 0.316 0.219 0.143 0.079 0.028 -0.005 -0.008 0.000 0.027 0.058 0.109 0.160 0.218 0.278 0.350 0.427 0.481 0.568 0.652 0.731 0.827 0.952 1.073 1.191 1.296 1.383 1.476 1.575 1.674 1.764 1.851 1.943
m 2.042 17 17 2.463 2.344 2.221 2.107 1.996 1.874 1.760 1.657 1.583 1.498 1.413 1.281 1.109 0.898 0.777 0.675 0.523 0.431 0.338 0.270 0.174 0.094 0.031 -0.009 0.000 0.070 0.186 0.305 0.424 0.562 0.681 0.819 0.919 1.030 1.144 1.232 1.316 1.388 1.466 1.554 1.650 1.751 1.869 1.992 2.088 2.210 2.315 2.423 2.526
m 1.297 17 17 1.543 1.464 1.384 1.309 1.237 1.171 1.086 0.991 0.898 0.808 0.725 0.672 0.603 0.530 0.469 0.409 0.340 0.267 0.193 0.116 0.056 0.011 -0.004 -0.010 0.000 0.028 0.065 0.110 0.173 0.223 0.273 0.343 0.419 0.491 0.563 0.633 0.711 0.798 0.886 0.972 1.047 1.126 1.208 1.282 1.358 1.435 1.509 1.571 1.630
m 1.424 17 17 1.788 1.725 1.671 1.612 1.545 1.456 1.368 1.264 1.086 0.909 0.765 0.634 0.563 0.494 0.423 0.363 0.303 0.242 0.173 0.115 0.066 0.036 0.016 0.005 0.000 0.020 0.046 0.089 0.139 0.215 0.284 0.345 0.393 0.462 0.533 0.605 0.678 0.752 0.824 0.896 0.973 1.054 1.139 1.220 1.303 1.388 1.493 1.596 1.687
m 1.537 17 17 1.925 1.813 1.720 1.624 1.506 1.398 1.308 1.235 1.135 1.052 0.999 0.907 0.810 0.713 0.619 0.516 0.416 0.325 0.242 0.184 0.125 0.069 0.023 0.005 0.000 0.015 0.047 0.098 0.154 0.214 0.286 0.368 0.447 0.498 0.558 0.650 0.750 0.844 0.947 1.055 1.167 1.290 1.407 1.508 1.567 1.678 1.786 1.862 1.969
m 2.508 17 17 2.707 2.567 2.438 2.343 2.244 2.133 1.996 1.867 1.749 1.625 1.522 1.403 1.285 1.181 1.071 0.937 0.747 0.614 0.481 0.361 0.255 0.152 0.071 -0.009 0.000 0.034 0.094 0.164 0.235 0.336 0.445 0.571 0.675 0.838 1.011 1.250 1.438 1.656 1.820 1.947 2.080 2.228 2.418 2.623 2.771 2.911 3.041 3.175 3.303
m 0.976 16 18 1.173 1.096 1.044 0.994 0.941 0.887 0.846 0.811 0.771 0.722 0.679 0.639 0.603 0.574 0.544 0.512 0.457 0.397 0.344 0.277 0.219 0.149 0.083 0.036 0.000 0.000 0.014 0.042 0.079 0.120 0.170 0.197 0.226 0.272 0.324 0.393 0.467 0.522 0.577 0.670 0.732 0.794 0.848 0.929 1.010 1.094 1.166 1.231 1.303
m 0.976 17 17 1.179 1.119 1.064 1.009 0.947 0.884 0.820 0.761 0.702 0.645 0.589 0.535 0.482 0.415 0.368 0.327 0.285 0.235 0.181 0.140 0.107 0.073 0.044 0.021 0.000 -0.003 -0.001 0.018 0.044 0.079 0.135 0.177 0.214 0.258 0.319 0.395 0.444 0.505 0.567 0.640 0.726 0.809 0.879 0.948 1.005 1.079 1.131 1.177 1.234
m 1.581 17 17 1.748 1.698 1.626 1.548 1.474 1.405 1.335 1.256 1.179 1.092 1.006 0.920 0.848 0.756 0.670 0.587 0.504 0.442 0.356 0.273 0.211 0.153 0.089 0.040 0.000 -0.011 -0.005 0.039 0.092 0.159 0.234 0.333 0.444 0.615 0.757 0.839 0.923 1.018 1.091 1.154 1.248 1.371 1.498 1.585 1.689 1.782 1.880 1.964 2.067
m 0.800 17 17 0.814 0.781 0.751 0.719 0.692 0.659 0.620 0.582 0.553 0.533 0.511 0.482 0.463 0.443 0.415 0.389 0.363 0.331 0.277 0.227 0.162 0.090 0.037 0.007 0.000 0.013 0.030 0.066 0.113 0.158 0.197 0.247 0.296 0.345 0.394 0.445 0.487 0.538 0.591 0.647 0.714 0.778 0.829 0.867 0.907 0.936 0.957 0.979 0.999
m 0.865 18 16 0.968 0.896 0.828 0.778 0.738 0.696 0.641 0.572 0.509 0.454 0.437 0.419 0.389 0.327 0.292 0.252 0.209 0.187 0.160 0.123 0.090 0.061 0.032 0.014 0.000 0.015 0.030 0.057 0.084 0.136 0.184 0.213 0.244 0.307 0.395 0.492 0.546 0.602 0.676 0.744 0.801 0.859 0.903 0.945 0.993 1.037 1.079 1.123 1.173
m 0.863 16 18 1.123 1.066 1.008 0.962 0.916 0.871 0.825 0.783 0.733 0.700 0.677 0.633 0.579 0.527 0.482 0.439 0.405 0.358 0.306 0.257 0.209 0.145 0.089 0.041 0.000 -0.022 -0.039 -0.035 -0.015 0.008 0.052 0.112 0.158 0.211 0.257 0.342 0.396 0.449 0.505 0.529 0.575 0.630 0.700 0.762 0.810 0.872 0.930 0.981 1.025
m 1.439 17 17 1.783 1.715 1.651 1.588 1.526 1.451 1.350 1.244 1.129 1.017 0.938 0.849 0.745 0.624 0.483 0.453 0.395 0.304 0.218 0.143 0.110 0.071 0.029 0.009 0.000 0.019 0.055 0.108 0.163 0.243 0.290 0.334 0.414 0.465 0.568 0.697 0.802 0.871 0.942 1.003 1.070 1.136 1.207 1.278 1.352 1.438 1.551 1.625 1.696
m 1.419 17 17 1.547 1.473 1.406 1.345 1.281 1.206 1.133 1.060 0.985 0.910 0.824 0.741 0.655 0.573 0.500 0.440 0.382 0.323 0.270 0.220 0.149 0.092 0.037 0.012 0.000 0.019 0.059 0.132 0.209 0.304 0.389 0.471 0.539 0.597 0.680 0.777 0.867 0.957 1.037 1.135 1.206 1.308 1.402 1.470 1.556 1.635 1.698 1.775 1.855
m 1.583 16 18 2.292 2.131 1.968 1.842 1.751 1.685 1.622 1.546 1.414 1.226 1.036 0.894 0.790 0.682 0.519 0.430 0.359 0.282 0.178 0.125 0.067 0.018 -0.010 -0.010 0.000 0.029 0.067 0.106 0.150 0.201 0.232 0.273 0.346 0.393 0.450 0.537 0.656 0.749 0.854 0.898 0.989 1.089 1.184 1.306 1.415 1.564 1.730 1.840 1.898
m 2.795 17 17 3.430 3.216 3.027 2.851 2.652 2.495 2.360 2.203 2.040 1.921 1.811 1.679 1.524 1.364 1.196 1.014 0.847 0.643 0.468 0.289 0.162 0.069 0.007 -0.010 0.000 0.039 0.117 0.229 0.347 0.500 0.631 0.760 0.894 1.016 1.144 1.286 1.479 1.695 1.880 2.050 2.222 2.403 2.583 2.762 2.939 3.103 3.256 3.407 3.557
m 1.586 17 17 2.144 1.979 1.828 1.700 1.571 1.466 1.380 1.307 1.244 1.187 1.109 1.036 0.937 0.845 0.759 0.692 0.618 0.536 0.448 0.357 0.275 0.164 0.077 0.024 0.000 0.023 0.066 0.120 0.180 0.250 0.335 0.426 0.504 0.567 0.638 0.719 0.813 0.898 0.976 1.069 1.217 1.313 1.407 1.503 1.600 1.701 1.812 2.011 2.156
m 1.795 17 17 2.284 2.178 2.081 1.988 1.897 1.804 1.704 1.583 1.456 1.336 1.220 1.130 1.069 1.005 0.918 0.765 0.617 0.523 0.427 0.304 0.190 0.107 0.051 0.017 0.000 0.018 0.062 0.129 0.196 0.262 0.332 0.426 0.515 0.618 0.711 0.805 0.942 1.037 1.143 1.234 1.296 1.406 1.486 1.594 1.693 1.815 1.905 1.987 2.090
m 2.206 19 15 3.162 2.818 2.571 2.339 2.059 1.788 1.625 1.442 1.324 1.232 1.094 0.949 0.850 0.763 0.693 0.636 0.574 0.494 0.364 0.250 0.153 0.074 0.032 0.001 0.000 0.061 0.177 0.336 0.476 0.607 0.740 0.864 0.986 1.103 1.205 1.325 1.450 1.613 1.780 1.988 2.127 2.169 2.163 2.235 2.354 2.443 2.545 2.695 2.899
m 2.602 18 16 3.233 3.087 2.929 2.772 2.576 2.348 2.153 2.002 1.858 1.695 1.517 1.401 1.291 1.135 0.972 0.845 0.738 0.639 0.479 0.356 0.256 0.172 0.094 0.041 0.000 0.011 0.061 0.190 0.302 0.414 0.576 0.772 0.987 1.160 1.310 1.450 1.597 1.736 1.876 2.021 2.171 2.322 2.457 2.521 2.628 2.764 2.890 3.020 3.149
m 2.006 18 16 2.330 2.154 2.044 1.950 1.854 1.723 1.583 1.451 1.329 1.208 1.091 0.973 0.860 0.739 0.609 0.438 0.320 0.186 0.082 0.030 -0.026 -0.045 -0.046 -0.056 0.000 0.068 0.177 0.268 0.359 0.463 0.614 0.810 1.016 1.131 1.222 1.319 1.411 1.530 1.630 1.683 1.771 1.859 1.946 2.052 2.159 2.243 2.347 2.455 2.557
m 2.451 18 16 3.038 2.869 2.693 2.519 2.366 2.225 2.042 1.856 1.667 1.480 1.310 1.163 1.029 0.937 0.815 0.646 0.523 0.432 0.310 0.190 0.114 0.046 0.019 -0.002 0.000 0.041 0.094 0.162 0.240 0.341 0.409 0.538 0.707 0.903 1.103 1.338 1.539 1.671 1.797 1.917 2.040 2.152 2.276 2.404 2.535 2.674 2.829 2.976 3.113
m 1.080 16 18 1.459 1.382 1.347 1.280 1.232 1.185 1.163 1.079 0.997 0.935 0.870 0.809 0.753 0.676 0.604 0.541 0.444 0.308 0.230 0.194 0.114 0.060 0.028 0.012 0.000 0.023 0.054 0.099 0.140 0.186 0.239 0.267 0.312 0.364 0.398 0.427 0.458 0.500 0.545 0.584 0.644 0.688 0.763 0.858 0.928 0.996 1.034 1.049 1.091
m 1.574 17 17 1.945 1.858 1.770 1.693 1.608 1.528 1.439 1.357 1.266 1.159 1.093 1.022 0.957 0.899 0.813 0.692 0.590 0.495 0.378 0.278 0.206 0.109 0.055 0.012 0.000 0.024 0.055 0.096 0.150 0.183 0.238 0.327 0.418 0.526 0.634 0.722 0.806 0.896 0.965 1.044 1.153 1.274 1.392 1.468 1.539 1.546 1.560 1.581 1.653
m 0.954 17 17 1.458 1.383 1.307 1.228 1.156 1.094 1.019 0.934 0.852 0.779 0.714 0.655 0.603 0.526 0.462 0.387 0.298 0.227 0.174 0.129 0.078 0.038 0.018 0.000 0.000 0.006 0.017 0.038 0.058 0.083 0.110 0.133 0.162 0.201 0.241 0.281 0.339 0.395 0.447 0.501 0.548 0.609 0.646 0.686 0.752 0.813 0.882 0.954 1.017
m 1.412 17 17 1.970 1.865 1.755 1.644 1.548 1.473 1.406 1.334 1.234 1.137 1.044 0.928 0.818 0.675 0.531 0.404 0.345 0.241 0.177 0.132 0.102 0.054 0.018 0.001 0.000 0.010 0.029 0.054 0.085 0.126 0.159 0.185 0.241 0.311 0.382 0.468 0.575 0.681 0.811 0.918 1.003 1.063 1.117 1.185 1.276 1.384 1.478 1.576 1.673
m 2.086 17 17 2.438 2.285 2.148 2.018 1.948 1.846 1.766 1.661 1.520 1.388 1.280 1.174 1.062 0.965 0.874 0.763 0.660 0.536 0.438 0.347 0.261 0.156 0.092 0.033 0.000 -0.003 0.018 0.125 0.224 0.326 0.445 0.573 0.691 0.823 0.941 1.073 1.211 1.341 1.484 1.627 1.727 1.861 2.029 2.127 2.224 2.357 2.530 2.653 2.750
m 1.457 17 17 2.047 1.972 1.840 1.661 1.491 1.394 1.317 1.240 1.138 1.030 0.927 0.859 0.784 0.680 0.595 0.478 0.351 0.323 0.288 0.246 0.193 0.117 0.045 0.009 0.000 0.035 0.094 0.155 0.216 0.285 0.332 0.368 0.400 0.479 0.571 0.660 0.767 0.887 0.938 0.992 1.047 1.152 1.229 1.314 1.424 1.546 1.634 1.728 1.928
m 1.695 16 18 2.247 2.129 2.003 1.879 1.760 1.646 1.567 1.536 1.457 1.377 1.275 1.170 1.071 0.968 0.869 0.764 0.646 0.538 0.440 0.326 0.227 0.146 0.075 0.024 0.000 0.001 0.033 0.112 0.200 0.307 0.416 0.518 0.657 0.765 0.862 0.928 0.984 1.047 1.069 1.109 1.193 1.285 1.376 1.483 1.630 1.820 1.976 2.113 2.195
m 1.488 17 17 1.786 1.711 1.642 1.574 1.500 1.422 1.340 1.243 1.130 0.984 0.884 0.823 0.734 0.692 0.616 0.532 0.431 0.323 0.221 0.129 0.064 0.017 -0.009 -0.014 0.000 0.031 0.076 0.141 0.215 0.300 0.355 0.419 0.472 0.525 0.592 0.687 0.762 0.819 0.893 0.982 1.086 1.181 1.271 1.372 1.477 1.588 1.724 1.861 1.984
m 2.307 17 17 2.832 2.708 2.590 2.465 2.337 2.221 2.093 1.959 1.820 1.673 1.521 1.370 1.244 1.146 1.009 0.824 0.680 0.573 0.459 0.318 0.233 0.138 0.074 0.035 0.000 0.012 0.061 0.134 0.224 0.331 0.438 0.563 0.661 0.734 0.850 0.978 1.107 1.252 1.400 1.552 1.707 1.854 1.998 2.136 2.277 2.421 2.563 2.700 2.824
m 1.620 17 17 2.040 1.926 1.852 1.731 1.595 1.476 1.394 1.293 1.206 1.155 1.104 1.000 0.886 0.753 0.617 0.468 0.293 0.231 0.174 0.120 0.098 0.062 0.013 -0.009 0.000 0.031 0.069 0.119 0.181 0.258 0.336 0.435 0.550 0.662 0.770 0.859 0.945 1.024 1.084 1.178 1.272 1.342 1.427 1.528 1.645 1.745 1.838 1.913 2.009
m 1.294 18 16 1.618 1.501 1.400 1.323 1.263 1.192 1.089 0.977 0.882 0.783 0.658 0.572 0.487 0.408 0.337 0.296 0.238 0.210 0.191 0.133 0.089 0.056 0.033 0.009 0.000 -0.001 0.012 0.037 0.075 0.113 0.176 0.257 0.340 0.407 0.478 0.564 0.682 0.802 0.902 0.997 1.088 1.153 1.214 1.272 1.325 1.406 1.506 1.612 1.711
m 0.725 17 17 0.764 0.736 0.633 0.594 0.556 0.524 0.502 0.484 0.437 0.393 0.365 0.345 0.331 0.336 0.332 0.311 0.314 0.258 0.204 0.153 0.117 0.076 0.039 0.016 0.000 0.013 0.045 0.083 0.124 0.170 0.234 0.280 0.362 0.396 0.419 0.446 0.474 0.509 0.566 0.627 0.664 0.723 0.786 0.834 0.894 0.937 0.981 1.054 1.108
m 0.735 15 19 0.835 0.801 0.765 0.726 0.707 0.688 0.647 0.639 0.638 0.580 0.513 0.446 0.386 0.334 0.300 0.281 0.242 0.212 0.177 0.143 0.106 0.071 0.044 0.018 0.000 -0.000 0.007 0.020 0.035 0.061 0.084 0.110 0.166 0.207 0.257 0.302 0.360 0.405 0.432 0.451 0.483 0.517 0.576 0.665 0.763 0.828 0.877 0.915 0.940
m 2.273 17 17 3.146 3.011 2.869 2.719 2.555 2.379 2.257 2.144 2.034 1.909 1.779 1.626 1.446 1.308 1.071 0.894 0.728 0.562 0.422 0.319 0.183 0.113 0.063 0.023 0.000 0.021 0.056 0.098 0.140 0.198 0.286 0.343 0.413 0.488 0.596 0.714 0.831 0.977 1.129 1.313 1.476 1.600 1.732 1.897 1.990 2.089 2.230 2.370 2.522
m 1.000 17 17 1.327 1.234 1.148 1.083 1.013 0.960 0.916 0.869 0.805 0.734 0.660 0.592 0.527 0.459 0.385 0.333 0.277 0.219 0.173 0.126 0.091 0.064 0.036 0.017 0.000 0.001 0.016 0.033 0.063 0.094 0.127 0.192 0.260 0.328 0.385 0.437 0.492 0.552 0.616 0.685 0.752 0.810 0.868 0.927 0.986 1.048 1.122 1.208 1.290
m 0.819 17 17 0.835 0.786 0.758 0.746 0.739 0.698 0.663 0.631 0.589 0.553 0.506 0.465 0.423 0.391 0.361 0.306 0.261 0.212 0.163 0.135 0.105 0.077 0.041 0.018 0.000 -0.002 0.003 0.024 0.074 0.112 0.169 0.226 0.264 0.319 0.371 0.443 0.486 0.530 0.582 0.645 0.718 0.750 0.830 0.869 0.899 0.946 0.979 1.018 1.075
m 1.402 17 17 1.716 1.642 1.562 1.486 1.417 1.330 1.268 1.180 1.064 0.923 0.814 0.688 0.562 0.518 0.454 0.357 0.286 0.239 0.205 0.154 0.101 0.052 0.022 0.011 0.000 0.010 0.032 0.062 0.102 0.152 0.226 0.293 0.366 0.447 0.555 0.653 0.762 0.832 0.911 0.989 1.057 1.117 1.185 1.301 1.388 1.461 1.530 1.610 1.687
m 0.702 16 18 0.800 0.767 0.734 0.661 0.594 0.554 0.549 0.524 0.493 0.456 0.435 0.438 0.433 0.398 0.370 0.338 0.302 0.272 0.235 0.198 0.159 0.115 0.072 0.027 0.000 -0.002 0.013 0.032 0.049 0.066 0.100 0.160 0.194 0.226 0.279 0.331 0.388 0.443 0.473 0.513 0.556 0.599 0.670 0.752 0.810 0.865 0.922 0.986 1.022
m 0.907 16 18 1.068 0.999 0.933 0.892 0.857 0.819 0.767 0.732 0.689 0.639 0.576 0.517 0.461 0.391 0.331 0.276 0.221 0.179 0.136 0.087 0.041 0.020 0.005 -0.005 0.000 0.022 0.051 0.085 0.122 0.170 0.213 0.253 0.292 0.319 0.362 0.403 0.458 0.511 0.564 0.611 0.691 0.754 0.819 0.887 0.957 1.005 1.049 1.117 1.182
m 1.832 18 16 2.070 1.957 1.868 1.782 1.674 1.560 1.443 1.323 1.209 1.123 1.065 1.013 0.934 0.847 0.729 0.608 0.518 0.409 0.324 0.246 0.158 0.063 0.017 -0.001 0.000 0.040 0.123 0.229 0.320 0.439 0.568 0.676 0.781 0.873 0.975 1.070 1.168 1.269 1.383 1.501 1.608 1.701 1.800 1.890 1.990 2.074 2.161 2.245 2.309
m 1.567 18 17 2.082 1.987 1.868 1.749 1.634 1.513 1.393 1.293 1.201 1.121 1.036 1.001 0.875 0.753 0.673 0.615 0.544 0.468 0.380 0.297 0.216 0.149 0.088 0.027 0.000 0.021 0.074 0.149 0.238 0.286 0.360 0.455 0.515 0.568 0.635 0.726 0.805 0.884 0.965 1.041 1.122 1.209 1.304 1.402 1.500 1.603 1.713 1.783 1.912
m 1.090 18 17 1.426 1.355 1.294 1.264 1.231 1.149 1.038 0.936 0.868 0.820 0.739 0.664 0.594 0.542 0.487 0.436 0.390 0.315 0.255 0.197 0.137 0.092 0.042 0.018 0.000 0.003 0.032 0.066 0.106 0.162 0.208 0.251 0.290 0.319 0.343 0.379 0.455 0.568 0.619 0.668 0.719 0.784 0.868 0.881 0.949 1.014 1.088 1.139 1.196
m 1.630 18 17 2.050 1.988 1.915 1.826 1.721 1.603 1.472 1.340 1.208 1.079 0.956 0.835 0.730 0.605 0.523 0.441 0.348 0.273 0.221 0.164 0.122 0.080 0.042 0.019 0.000 -0.001 0.019 0.059 0.117 0.189 0.277 0.386 0.527 0.660 0.758 0.863 0.932 0.999 1.077 1.154 1.230 1.280 1.330 1.429 1.538 1.650 1.752 1.824 1.919
m 1.016 17 18 1.278 1.188 1.100 1.022 0.949 0.896 0.834 0.785 0.742 0.707 0.646 0.570 0.484 0.423 0.355 0.290 0.213 0.181 0.149 0.118 0.085 0.055 0.029 0.011 0.000 0.005 0.033 0.054 0.082 0.124 0.176 0.235 0.272 0.325 0.393 0.455 0.556 0.606 0.656 0.705 0.753 0.797 0.869 0.997 1.083 1.148 1.245 1.328 1.401
m 1.672 17 18 2.016 1.975 1.960 1.911 1.813 1.708 1.586 1.485 1.414 1.341 1.158 1.051 0.955 0.790 0.682 0.540 0.397 0.314 0.247 0.179 0.081 0.045 -0.002 -0.009 0.000 0.035 0.095 0.162 0.233 0.315 0.389 0.476 0.549 0.613 0.665 0.718 0.815 0.878 0.933 1.016 1.100 1.222 1.317 1.418 1.531 1.678 1.757 1.834 1.939
m 1.735 17 18 2.168 2.081 1.989 1.868 1.746 1.623 1.508 1.429 1.341 1.243 1.137 1.023 0.927 0.800 0.684 0.557 0.457 0.369 0.289 0.211 0.151 0.087 0.042 0.017 0.000 -0.001 0.007 0.025 0.057 0.089 0.111 0.191 0.242 0.315 0.482 0.648 0.792 0.917 1.030 1.141 1.224 1.340 1.480 1.590 1.723 1.915 2.146 2.359 2.522
m 0.949 17 18 1.293 1.224 1.153 1.077 0.978 0.929 0.858 0.785 0.701 0.630 0.560 0.491 0.417 0.352 0.290 0.234 0.184 0.141 0.106 0.074 0.042 0.023 0.010 0.000 0.000 0.011 0.030 0.059 0.088 0.129 0.172 0.230 0.282 0.317 0.367 0.419 0.466 0.519 0.576 0.616 0.682 0.734 0.798 0.864 0.920 0.969 1.031 1.103 1.188
m 1.612 18 17 1.961 1.793 1.647 1.538 1.435 1.331 1.220 1.136 1.047 0.917 0.806 0.720 0.656 0.575 0.506 0.443 0.380 0.327 0.289 0.237 0.169 0.120 0.075 0.032 0.000 0.002 0.020 0.046 0.097 0.179 0.236 0.336 0.386 0.441 0.546 0.625 0.704 0.872 1.076 1.205 1.369 1.491 1.616 1.705 1.789 1.865 1.991 2.115 2.233
m 1.193 17 18 1.660 1.575 1.484 1.398 1.319 1.232 1.158 1.094 1.045 0.984 0.904 0.832 0.747 0.661 0.573 0.488 0.391 0.309 0.262 0.217 0.147 0.107 0.063 0.029 0.000 0.002 0.013 0.035 0.061 0.104 0.120 0.156 0.168 0.204 0.251 0.309 0.367 0.429 0.528 0.622 0.714 0.807 0.904 0.987 1.066 1.164 1.269 1.384 1.475
m 1.529 17 18 1.984 1.887 1.820 1.737 1.657 1.558 1.466 1.375 1.277 1.186 1.071 0.971 0.877 0.834 0.803 0.759 0.673 0.582 0.498 0.393 0.304 0.205 0.110 0.047 0.000 0.001 0.013 0.077 0.147 0.242 0.344 0.419 0.507 0.566 0.617 0.653 0.702 0.757 0.804 0.894 0.989 1.118 1.179 1.289 1.402 1.493 1.587 1.687 1.788
m 1.754 18 17 2.236 2.100 2.019 1.916 1.769 1.600 1.446 1.330 1.238 1.131 1.024 0.930 0.843 0.747 0.652 0.565 0.491 0.400 0.321 0.246 0.172 0.108 0.034 0.013 0.000 0.028 0.059 0.153 0.217 0.294 0.382 0.458 0.544 0.630 0.715 0.824 0.935 1.028 1.131 1.232 1.324 1.404 1.499 1.617 1.739 1.862 1.984 2.109 2.231
m 1.855 17 18 2.331 2.205 2.086 1.976 1.862 1.788 1.677 1.565 1.453 1.332 1.207 1.095 0.998 0.905 0.814 0.702 0.582 0.462 0.385 0.313 0.242 0.160 0.084 0.031 0.000 0.004 0.015 0.037 0.064 0.115 0.199 0.289 0.394 0.458 0.546 0.674 0.796 0.925 1.056 1.185 1.314 1.414 1.543 1.703 1.847 1.959 2.081 2.186 2.276
m 1.285 17 18 1.472 1.437 1.393 1.337 1.329 1.232 1.171 1.102 1.033 0.968 0.922 0.845 0.769 0.699 0.617 0.530 0.443 0.374 0.298 0.231 0.172 0.118 0.065 0.027 0.000 0.002 0.015 0.036 0.064 0.112 0.161 0.233 0.298 0.375 0.450 0.515 0.581 0.649 0.724 0.798 0.848 0.930 1.039 1.150 1.241 1.340 1.423 1.503 1.604
m 0.996 18 17 1.300 1.222 1.144 1.065 0.986 0.918 0.840 0.771 0.702 0.640 0.573 0.497 0.428 0.368 0.314 0.257 0.203 0.156 0.113 0.078 0.049 0.027 0.010 0.001 0.000 0.009 0.024 0.056 0.092 0.132 0.182 0.233 0.289 0.356 0.417 0.474 0.533 0.591 0.653 0.697 0.758 0.821 0.882 0.942 1.006 1.065 1.133 1.210 1.273
m 0.891 17 18 1.157 1.076 0.998 0.942 0.887 0.830 0.774 0.715 0.656 0.595 0.534 0.474 0.402 0.349 0.297 0.247 0.199 0.161 0.125 0.092 0.064 0.041 0.023 0.009 0.000 0.002 0.010 0.027 0.050 0.079 0.110 0.156 0.201 0.240 0.282 0.321 0.367 0.420 0.480 0.534 0.596 0.665 0.743 0.825 0.895 0.963 1.035 1.106 1.163
m 1.647 17 18 2.228 2.169 2.098 2.023 1.927 1.813 1.678 1.547 1.432 1.323 1.203 1.098 0.983 0.879 0.770 0.607 0.479 0.364 0.289 0.228 0.180 0.121 0.060 0.018 0.000 0.005 0.038 0.095 0.166 0.223 0.259 0.303 0.378 0.425 0.485 0.543 0.628 0.704 0.792 0.885 0.965 1.050 1.182 1.278 1.367 1.441 1.516 1.592 1.660
m 1.338 18 17 1.541 1.438 1.399 1.353 1.267 1.153 1.057 0.969 0.875 0.776 0.670 0.587 0.525 0.445 0.399 0.301 0.211 0.150 0.107 0.083 0.052 0.035 0.012 0.001 0.000 0.039 0.086 0.144 0.206 0.272 0.346 0.383 0.445 0.523 0.601 0.679 0.748 0.801 0.864 0.946 1.056 1.183 1.298 1.359 1.410 1.447 1.492 1.566 1.642
m 1.979 18 17 2.407 2.276 2.099 1.887 1.703 1.562 1.400 1.238 1.115 0.997 0.887 0.786 0.776 0.734 0.725 0.624 0.554 0.469 0.324 0.224 0.156 0.099 0.051 0.009 0.000 0.044 0.121 0.206 0.299 0.360 0.467 0.547 0.669 0.805 0.944 1.081 1.195 1.312 1.440 1.568 1.690 1.840 1.967 2.096 2.255 2.408 2.583 2.701 2.826
m 2.075 17 18 2.486 2.343 2.219 2.110 1.984 1.858 1.739 1.632 1.483 1.305 1.129 0.976 0.837 0.706 0.581 0.488 0.408 0.309 0.232 0.155 0.103 0.060 0.029 0.011 0.000 0.003 0.031 0.063 0.127 0.215 0.287 0.391 0.458 0.507 0.574 0.693 0.813 0.943 1.090 1.278 1.440 1.582 1.773 1.973 2.165 2.321 2.424 2.516 2.619
m 0.992 19 16 1.064 0.982 0.918 0.830 0.742 0.669 0.590 0.524 0.520 0.475 0.445 0.417 0.391 0.374 0.326 0.280 0.249 0.220 0.195 0.161 0.096 0.033 0.016 -0.000 0.000 0.026 0.070 0.104 0.170 0.202 0.268 0.316 0.375 0.447 0.523 0.585 0.684 0.801 0.828 0.906 1.002 1.088 1.162 1.203 1.242 1.296 1.389 1.450 1.555
m 1.280 18 17 1.722 1.638 1.553 1.472 1.356 1.234 1.118 1.011 0.911 0.853 0.785 0.724 0.666 0.574 0.497 0.418 0.373 0.309 0.251 0.184 0.108 0.052 0.022 0.004 0.000 0.023 0.060 0.103 0.152 0.222 0.283 0.322 0.363 0.408 0.471 0.551 0.611 0.714 0.781 0.836 0.890 0.968 1.006 1.092 1.205 1.285 1.349 1.429 1.521
m 0.857 17 18 1.275 1.180 1.091 1.011 0.939 0.873 0.816 0.766 0.700 0.630 0.606 0.565 0.520 0.419 0.331 0.240 0.208 0.181 0.153 0.116 0.071 0.037 0.006 -0.004 0.000 0.023 0.055 0.082 0.110 0.141 0.183 0.214 0.281 0.324 0.359 0.390 0.416 0.475 0.489 0.521 0.559 0.618 0.689 0.737 0.774 0.818 0.865 0.910 0.973
m 1.383 18 17 1.758 1.624 1.502 1.371 1.253 1.131 1.020 0.909 0.797 0.682 0.610 0.516 0.460 0.385 0.339 0.312 0.270 0.217 0.128 0.081 0.061 0.045 0.033 0.017 0.000 0.007 0.032 0.067 0.122 0.183 0.246 0.307 0.392 0.477 0.553 0.659 0.760 0.856 0.962 1.069 1.175 1.260 1.370 1.434 1.514 1.640 1.765 1.866 1.956
m 0.779 18 17 1.073 0.980 0.881 0.793 0.737 0.700 0.629 0.575 0.544 0.548 0.550 0.511 0.437 0.414 0.370 0.323 0.304 0.250 0.203 0.164 0.120 0.064 0.023 0.005 0.000 0.010 0.032 0.048 0.078 0.117 0.157 0.198 0.214 0.248 0.296 0.386 0.446 0.509 0.576 0.655 0.652 0.690 0.730 0.758 0.821 0.877 0.899 0.950 0.968
m 0.939 17 18 1.140 1.042 0.956 0.899 0.851 0.806 0.762 0.709 0.624 0.565 0.530 0.451 0.389 0.339 0.304 0.245 0.175 0.134 0.098 0.053 0.015 -0.007 -0.020 -0.020 0.000 0.039 0.082 0.127 0.158 0.189 0.229 0.266 0.290 0.314 0.378 0.445 0.508 0.573 0.641 0.699 0.755 0.808 0.860 0.933 1.027 1.078 1.153 1.245 1.314
m 1.024 18 17 1.242 1.177 1.106 1.038 0.971 0.897 0.830 0.759 0.690 0.621 0.554 0.493 0.429 0.372 0.314 0.268 0.228 0.190 0.148 0.106 0.065 0.035 0.012 0.001 0.000 0.010 0.028 0.057 0.091 0.129 0.168 0.216 0.266 0.320 0.380 0.441 0.509 0.580 0.649 0.723 0.794 0.863 0.935 1.007 1.076 1.149 1.219 1.288 1.356
m 1.371 17 18 1.702 1.585 1.508 1.385 1.313 1.252 1.178 1.112 1.012 0.908 0.797 0.687 0.574 0.469 0.385 0.298 0.234 0.201 0.161 0.133 0.100 0.069 0.038 0.014 0.000 0.014 0.046 0.104 0.166 0.255 0.325 0.374 0.441 0.502 0.548 0.585 0.653 0.702 0.744 0.820 0.897 1.022 1.186 1.307 1.428 1.511 1.599 1.690 1.787
m 1.460 17 18 1.786 1.708 1.561 1.477 1.416 1.324 1.242 1.154 1.064 0.932 0.851 0.762 0.646 0.528 0.417 0.311 0.220 0.192 0.135 0.096 0.064 0.037 0.011 0.000 0.000 0.025 0.069 0.134 0.209 0.278 0.356 0.428 0.521 0.582 0.630 0.692 0.735 0.798 0.877 0.983 1.030 1.115 1.242 1.369 1.503 1.632 1.758 1.886 2.008
m 2.193 18 17 2.669 2.540 2.408 2.245 2.080 1.915 1.772 1.630 1.489 1.343 1.204 1.065 0.949 0.817 0.682 0.534 0.417 0.291 0.229 0.186 0.149 0.097 0.057 0.020 0.000 0.015 0.043 0.092 0.181 0.281 0.382 0.473 0.570 0.723 0.861 1.033 1.217 1.363 1.522 1.673 1.824 1.962 2.097 2.204 2.306 2.443 2.578 2.691 2.795
m 1.882 17 18 2.562 2.410 2.242 2.094 1.972 1.852 1.728 1.599 1.459 1.308 1.143 0.991 0.878 0.794 0.707 0.597 0.487 0.397 0.312 0.249 0.189 0.127 0.067 0.028 0.000 -0.002 0.011 0.043 0.083 0.132 0.164 0.197 0.259 0.325 0.428 0.557 0.693 0.812 0.957 1.107 1.254 1.398 1.522 1.637 1.791 1.937 2.061 2.184 2.305
m 0.999 17 18 1.239 1.166 1.067 0.969 0.896 0.817 0.766 0.735 0.694 0.623 0.591 0.511 0.483 0.437 0.403 0.356 0.315 0.254 0.214 0.173 0.139 0.103 0.064 0.030 0.000 -0.012 -0.017 0.004 0.036 0.093 0.154 0.204 0.263 0.333 0.402 0.456 0.510 0.568 0.639 0.707 0.781 0.852 0.927 1.012 1.102 1.188 1.258 1.352 1.454
m 0.960 17 18 1.341 1.229 1.123 1.028 0.942 0.876 0.819 0.772 0.732 0.681 0.605 0.511 0.478 0.422 0.355 0.320 0.280 0.210 0.151 0.115 0.074 0.051 0.025 0.004 0.000 0.026 0.078 0.149 0.214 0.283 0.352 0.420 0.478 0.509 0.514 0.540 0.547 0.587 0.639 0.663 0.670 0.717 0.794 0.892 0.978 1.062 1.200 1.309 1.389
m 1.534 18 17 1.613 1.440 1.356 1.316 1.199 1.096 1.010 0.891 0.807 0.781 0.781 0.718 0.642 0.562 0.443 0.354 0.258 0.188 0.097 0.054 0.030 0.028 0.008 -0.003 0.000 0.032 0.074 0.175 0.242 0.402 0.523 0.604 0.658 0.747 0.813 0.887 0.961 1.079 1.236 1.303 1.373 1.498 1.605 1.726 1.868 1.976 2.088 2.180 2.261
m 1.887 17 18 2.262 2.159 2.036 1.935 1.850 1.745 1.648 1.557 1.460 1.349 1.279 1.204 1.117 1.059 0.988 0.936 0.835 0.729 0.661 0.528 0.401 0.270 0.149 0.056 0.000 0.008 0.043 0.125 0.196 0.270 0.383 0.465 0.626 0.686 0.717 0.749 0.882 1.017 1.155 1.280 1.372 1.479 1.612 1.767 1.925 2.057 2.184 2.284 2.376
m 2.116 18 17 2.595 2.439 2.317 2.161 1.987 1.822 1.666 1.542 1.425 1.307 1.157 1.006 0.865 0.708 0.585 0.472 0.388 0.322 0.273 0.221 0.153 0.075 0.030 0.004 0.000 0.024 0.085 0.170 0.244 0.320 0.411 0.537 0.686 0.841 0.982 1.134 1.263 1.362 1.511 1.638 1.744 1.881 2.003 2.115 2.244 2.375 2.498 2.605 2.692
m 1.464 17 18 1.698 1.640 1.557 1.464 1.374 1.309 1.235 1.112 0.989 0.879 0.791 0.722 0.687 0.583 0.469 0.381 0.285 0.197 0.131 0.085 0.043 0.006 -0.001 -0.004 0.000 0.035 0.082 0.140 0.204 0.280 0.353 0.420 0.488 0.584 0.711 0.823 0.813 0.783 0.941 1.002 1.125 1.221 1.333 1.444 1.554 1.675 1.754 1.817 1.877
m 1.060 18 17 1.274 1.189 1.107 1.032 0.965 0.884 0.810 0.762 0.714 0.655 0.590 0.538 0.494 0.431 0.333 0.261 0.219 0.164 0.133 0.096 0.059 0.040 0.026 0.007 0.000 0.016 0.034 0.073 0.127 0.198 0.268 0.327 0.376 0.434 0.490 0.546 0.602 0.665 0.740 0.803 0.868 0.938 1.005 1.075 1.154 1.237 1.316 1.378 1.455
m 1.137 18 17 1.319 1.217 1.120 0.999 0.881 0.818 0.757 0.698 0.638 0.594 0.525 0.464 0.420 0.381 0.342 0.309 0.282 0.251 0.198 0.157 0.115 0.081 0.047 0.017 0.000 0.001 0.016 0.045 0.099 0.160 0.230 0.297 0.338 0.419 0.477 0.540 0.612 0.684 0.795 0.901 1.010 1.142 1.205 1.273 1.392 1.507 1.611 1.650 1.682
m 1.904 18 17 2.402 2.275 2.170 2.064 1.941 1.809 1.668 1.528 1.399 1.278 1.133 0.983 0.817 0.655 0.551 0.456 0.347 0.245 0.178 0.127 0.084 0.036 0.009 0.001 0.000 0.046 0.123 0.223 0.337 0.444 0.525 0.627 0.727 0.759 0.802 0.888 0.991 1.106 1.228 1.341 1.457 1.567 1.679 1.773 1.866 1.979 2.104 2.196 2.313
m 0.777 17 18 1.016 0.973 0.929 0.885 0.856 0.807 0.747 0.689 0.631 0.580 0.533 0.487 0.443 0.397 0.390 0.375 0.346 0.330 0.305 0.264 0.180 0.111 0.062 0.028 0.000 0.004 0.016 0.042 0.092 0.153 0.188 0.232 0.247 0.316 0.364 0.366 0.417 0.462 0.465 0.532 0.557 0.542 0.577 0.658 0.697 0.726 0.761 0.793 0.836
m 1.377 17 18 1.907 1.840 1.757 1.674 1.576 1.488 1.389 1.281 1.201 1.138 1.078 1.022 0.959 0.885 0.820 0.786 0.711 0.613 0.510 0.402 0.298 0.199 0.110 0.039 0.000 0.002 0.069 0.165 0.245 0.317 0.370 0.401 0.406 0.438 0.454 0.528 0.598 0.637 0.698 0.766 0.830 0.904 1.004 1.102 1.178 1.241 1.344 1.465 1.565
m 1.827 17 18 2.429 2.311 2.186 2.057 1.910 1.826 1.733 1.552 1.361 1.238 1.121 0.994 0.904 0.823 0.646 0.537 0.411 0.337 0.277 0.223 0.135 0.072 0.021 0.001 0.000 0.047 0.101 0.184 0.222 0.263 0.301 0.341 0.388 0.496 0.569 0.672 0.796 0.880 0.971 1.046 1.200 1.318 1.461 1.610 1.743 1.882 2.030 2.192 2.338
m 1.477 18 17 1.948 1.855 1.752 1.641 1.525 1.397 1.287 1.175 1.069 0.997 0.872 0.752 0.639 0.562 0.429 0.377 0.318 0.256 0.215 0.169 0.118 0.062 0.026 0.007 0.000 0.020 0.058 0.104 0.173 0.244 0.308 0.381 0.473 0.555 0.595 0.669 0.747 0.865 0.966 1.026 1.087 1.156 1.231 1.324 1.428 1.510 1.625 1.727 1.824
m 1.307 18 17 1.800 1.674 1.553 1.428 1.303 1.175 1.065 0.967 0.908 0.820 0.691 0.573 0.487 0.409 0.346 0.316 0.261 0.228 0.131 0.083 0.045 0.010 -0.014 -0.014 0.000 0.023 0.062 0.105 0.159 0.205 0.289 0.350 0.417 0.483 0.566 0.680 0.756 0.828 0.891 0.961 1.042 1.085 1.160 1.234 1.311 1.381 1.487 1.602 1.709
m 1.490 17 18 1.994 1.873 1.755 1.636 1.525 1.412 1.301 1.247 1.180 1.087 0.945 0.851 0.755 0.646 0.576 0.496 0.395 0.307 0.214 0.165 0.112 0.080 0.042 0.016 0.000 0.001 0.009 0.055 0.107 0.144 0.205 0.265 0.340 0.417 0.471 0.524 0.607 0.704 0.845 0.929 1.032 1.145 1.251 1.356 1.455 1.541 1.624 1.730 1.837
m 1.495 18 17 1.859 1.738 1.602 1.483 1.359 1.263 1.170 1.073 0.994 0.917 0.845 0.767 0.691 0.612 0.475 0.406 0.401 0.345 0.269 0.192 0.125 0.074 0.034 0.012 0.000 0.001 0.024 0.044 0.076 0.147 0.211 0.322 0.393 0.416 0.560 0.691 0.822 0.949 1.064 1.171 1.282 1.351 1.462 1.564 1.632 1.686 1.755 1.867 1.965
m 1.264 18 17 1.578 1.453 1.344 1.261 1.184 1.090 0.990 0.875 0.784 0.682 0.623 0.564 0.524 0.463 0.378 0.316 0.243 0.183 0.127 0.097 0.071 0.019 0.008 -0.003 0.000 0.017 0.042 0.097 0.155 0.196 0.266 0.328 0.397 0.469 0.566 0.615 0.693 0.769 0.856 0.949 1.032 1.103 1.175 1.258 1.344 1.441 1.529 1.614 1.699
m 1.374 18 17 1.747 1.639 1.527 1.420 1.296 1.151 1.044 0.957 0.871 0.785 0.703 0.623 0.541 0.469 0.383 0.303 0.216 0.157 0.110 0.069 0.031 0.012 -0.004 -0.010 0.000 0.022 0.047 0.088 0.134 0.185 0.237 0.309 0.376 0.451 0.512 0.630 0.738 0.868 0.985 1.055 1.148 1.231 1.294 1.367 1.453 1.524 1.591 1.648 1.747
m 1.672 18 17 2.043 1.913 1.772 1.628 1.496 1.341 1.213 1.075 0.938 0.864 0.765 0.674 0.548 0.409 0.360 0.343 0.286 0.216 0.187 0.143 0.095 0.057 0.028 0.010 0.000 0.016 0.043 0.075 0.121 0.179 0.256 0.350 0.437 0.526 0.603 0.722 0.857 0.982 1.101 1.223 1.378 1.500 1.634 1.749 1.848 1.941 2.029 2.119 2.237
m 1.656 17 18 2.158 2.058 1.958 1.850 1.737 1.620 1.518 1.403 1.284 1.168 1.047 0.905 0.795 0.688 0.590 0.495 0.402 0.336 0.279 0.208 0.156 0.112 0.061 0.026 0.000 -0.005 0.011 0.043 0.077 0.125 0.180 0.250 0.336 0.428 0.503 0.588 0.678 0.775 0.877 0.993 1.128 1.238 1.345 1.451 1.575 1.702 1.830 1.959 2.084
m 1.433 17 18 1.788 1.717 1.649 1.545 1.419 1.338 1.254 1.171 1.070 0.991 0.904 0.813 0.733 0.628 0.558 0.487 0.402 0.328 0.271 0.220 0.178 0.119 0.065 0.018 0.000 0.001 0.007 0.015 0.032 0.053 0.088 0.158 0.219 0.290 0.337 0.412 0.539 0.682 0.824 0.908 0.980 1.075 1.185 1.317 1.448 1.566 1.665 1.745 1.824
m 1.233 18 17 1.492 1.448 1.391 1.323 1.256 1.171 1.079 0.986 0.894 0.805 0.731 0.671 0.626 0.563 0.481 0.398 0.324 0.261 0.197 0.138 0.084 0.052 0.009 0.004 0.000 0.027 0.080 0.136 0.211 0.274 0.324 0.390 0.494 0.574 0.614 0.651 0.676 0.716 0.778 0.852 0.923 0.995 1.069 1.141 1.211 1.279 1.353 1.427 1.488
m 1.775 18 17 2.196 2.102 2.002 1.902 1.796 1.667 1.548 1.419 1.282 1.191 1.108 1.022 0.948 0.895 0.792 0.673 0.562 0.469 0.394 0.313 0.234 0.160 0.088 0.036 0.000 -0.000 0.015 0.075 0.172 0.266 0.318 0.338 0.383 0.519 0.625 0.724 0.815 0.885 1.051 1.207 1.316 1.440 1.550 1.656 1.754 1.839 1.936 2.031 2.120
m 1.724 18 17 2.057 1.884 1.734 1.581 1.426 1.297 1.164 1.045 0.940 0.841 0.747 0.693 0.640 0.563 0.499 0.455 0.410 0.368 0.327 0.276 0.209 0.136 0.054 0.021 0.000 0.009 0.028 0.066 0.119 0.156 0.199 0.282 0.366 0.467 0.602 0.719 0.860 1.044 1.249 1.398 1.543 1.671 1.796 1.905 2.022 2.118 2.201 2.311 2.432
m 1.271 18 17 1.602 1.524 1.425 1.326 1.223 1.110 0.999 0.904 0.835 0.766 0.694 0.616 0.540 0.460 0.384 0.318 0.283 0.243 0.208 0.178 0.144 0.105 0.059 0.025 0.000 0.006 0.030 0.093 0.157 0.245 0.322 0.391 0.467 0.536 0.599 0.662 0.722 0.782 0.862 0.936 1.016 1.103 1.184 1.257 1.320 1.379 1.433 1.485 1.553
m 1.390 17 18 1.784 1.680 1.588 1.472 1.361 1.298 1.225 1.106 0.998 0.896 0.793 0.689 0.588 0.499 0.441 0.384 0.351 0.302 0.247 0.208 0.161 0.097 0.052 0.016 0.000 0.004 0.013 0.035 0.082 0.145 0.193 0.260 0.337 0.400 0.458 0.536 0.623 0.707 0.771 0.865 0.958 1.045 1.186 1.313 1.418 1.497 1.569 1.644 1.717
m 1.402 17 18 1.353 1.257 1.198 1.149 1.105 1.067 1.026 0.917 0.759 0.630 0.571 0.555 0.485 0.463 0.424 0.364 0.277 0.239 0.197 0.167 0.134 0.099 0.065 0.028 0.000 0.004 0.030 0.069 0.138 0.205 0.251 0.288 0.321 0.407 0.529 0.663 0.768 0.862 0.942 1.083 1.230 1.340 1.445 1.556 1.698 1.818 1.935 1.998 2.063
m 0.984 18 17 1.309 1.215 1.125 1.032 0.940 0.871 0.804 0.746 0.688 0.648 0.602 0.549 0.477 0.424 0.379 0.329 0.265 0.225 0.179 0.149 0.114 0.078 0.045 0.018 0.000 0.009 0.024 0.061 0.101 0.160 0.205 0.254 0.319 0.383 0.441 0.495 0.549 0.606 0.666 0.732 0.775 0.844 0.877 0.951 1.028 1.106 1.219 1.354 1.445
m 1.740 18 17 2.200 2.082 1.960 1.835 1.709 1.584 1.462 1.342 1.223 1.077 0.938 0.846 0.754 0.654 0.529 0.415 0.374 0.272 0.211 0.134 0.079 0.027 0.002 -0.012 0.000 0.020 0.052 0.084 0.141 0.195 0.267 0.345 0.445 0.552 0.670 0.784 0.899 1.021 1.124 1.223 1.320 1.424 1.528 1.646 1.771 1.899 2.030 2.164 2.301
m 1.652 18 17 1.945 1.852 1.731 1.631 1.534 1.433 1.336 1.217 1.096 1.005 0.924 0.802 0.722 0.650 0.614 0.548 0.471 0.400 0.323 0.270 0.172 0.099 0.055 0.020 0.000 0.009 0.037 0.090 0.172 0.245 0.344 0.443 0.541 0.660 0.765 0.864 0.946 1.033 1.155 1.264 1.380 1.490 1.585 1.671 1.770 1.867 1.946 2.024 2.125
m 1.287 18 17 1.627 1.500 1.367 1.249 1.145 1.045 0.939 0.834 0.739 0.660 0.580 0.504 0.440 0.377 0.333 0.292 0.230 0.175 0.136 0.114 0.067 0.041 0.019 0.004 0.000 0.013 0.041 0.094 0.158 0.233 0.320 0.406 0.501 0.575 0.641 0.706 0.778 0.854 0.935 1.020 1.100 1.184 1.268 1.346 1.429 1.526 1.623 1.716 1.798
m 1.105 17 18 1.270 1.190 1.121 1.060 1.043 0.990 0.931 0.859 0.791 0.714 0.629 0.566 0.511 0.452 0.396 0.361 0.326 0.287 0.253 0.187 0.121 0.077 0.038 0.013 0.000 0.011 0.032 0.066 0.109 0.180 0.266 0.353 0.401 0.449 0.512 0.588 0.652 0.712 0.774 0.837 0.900 0.932 0.961 1.028 1.167 1.261 1.329 1.369 1.423
m 1.712 18 17 2.070 1.955 1.837 1.720 1.607 1.489 1.374 1.258 1.122 0.974 0.843 0.716 0.614 0.522 0.411 0.349 0.278 0.208 0.165 0.132 0.086 0.053 0.025 0.002 0.000 0.017 0.050 0.095 0.161 0.234 0.316 0.406 0.507 0.615 0.724 0.827 0.928 1.023 1.128 1.241 1.358 1.480 1.590 1.702 1.818 1.938 2.047 2.144 2.243
m 1.400 17 18 1.849 1.750 1.642 1.525 1.413 1.302 1.223 1.154 1.045 0.951 0.868 0.813 0.734 0.632 0.537 0.444 0.370 0.295 0.226 0.165 0.129 0.085 0.052 0.024 0.000 -0.006 0.002 0.014 0.035 0.062 0.099 0.150 0.211 0.308 0.411 0.507 0.603 0.684 0.768 0.874 0.971 1.067 1.162 1.268 1.386 1.513 1.631 1.732 1.820
m 2.798 17 18 3.404 3.247 3.095 2.979 2.806 2.686 2.581 2.453 2.199 1.942 1.697 1.518 1.328 1.127 0.997 0.864 0.730 0.616 0.510 0.403 0.306 0.211 0.118 0.048 0.000 -0.007 0.014 0.069 0.134 0.203 0.263 0.331 0.431 0.538 0.639 0.737 0.948 1.180 1.357 1.570 1.807 2.071 2.359 2.558 2.790 2.985 3.192 3.402 3.558
m 2.462 18 17 2.965 2.853 2.708 2.533 2.349 2.154 1.945 1.742 1.561 1.420 1.277 1.098 0.964 0.876 0.796 0.656 0.534 0.446 0.326 0.212 0.117 0.045 0.007 -0.003 0.000 0.037 0.116 0.258 0.418 0.549 0.679 0.816 0.919 1.024 1.134 1.243 1.373 1.478 1.594 1.789 1.985 2.135 2.283 2.425 2.575 2.730 2.878 3.010 3.138
m 1.345 17 18 1.536 1.481 1.424 1.361 1.284 1.204 1.127 1.059 0.990 0.912 0.828 0.750 0.679 0.612 0.544 0.472 0.420 0.343 0.261 0.183 0.119 0.068 0.036 0.014 0.000 0.021 0.051 0.087 0.136 0.197 0.270 0.355 0.432 0.511 0.563 0.640 0.720 0.793 0.856 0.919 0.994 1.083 1.194 1.309 1.407 1.473 1.587 1.713 1.798
m 1.128 17 18 1.451 1.367 1.301 1.241 1.182 1.116 1.040 0.969 0.902 0.841 0.798 0.737 0.664 0.608 0.542 0.478 0.384 0.310 0.239 0.171 0.118 0.084 0.055 0.026 0.000 -0.005 -0.005 -0.001 0.028 0.065 0.121 0.172 0.206 0.256 0.320 0.377 0.452 0.519 0.588 0.646 0.743 0.818 0.900 0.985 1.074 1.145 1.217 1.306 1.411
m 1.462 17 18 1.837 1.730 1.628 1.529 1.439 1.344 1.269 1.195 1.082 0.956 0.824 0.718 0.616 0.505 0.358 0.305 0.211 0.170 0.119 0.067 0.034 -0.001 -0.013 -0.014 0.000 0.028 0.063 0.100 0.139 0.186 0.250 0.303 0.371 0.450 0.539 0.623 0.735 0.812 0.892 0.980 1.065 1.153 1.222 1.298 1.484 1.574 1.661 1.739 1.844
m 1.194 17 18 1.344 1.229 1.147 1.073 1.004 0.951 0.907 0.846 0.770 0.660 0.629 0.631 0.546 0.531 0.415 0.334 0.320 0.270 0.254 0.189 0.116 0.076 0.040 0.015 0.000 0.016 0.043 0.083 0.124 0.209 0.307 0.405 0.475 0.545 0.612 0.664 0.725 0.763 0.834 0.898 0.992 1.078 1.193 1.287 1.384 1.483 1.580 1.668 1.791
m 1.022 17 18 1.401 1.350 1.295 1.220 1.155 1.082 1.020 0.968 0.913 0.892 0.848 0.805 0.756 0.690 0.639 0.573 0.483 0.395 0.308 0.249 0.181 0.118 0.070 0.028 0.000 -0.006 -0.003 0.018 0.047 0.097 0.128 0.174 0.207 0.194 0.216 0.270 0.329 0.388 0.441 0.506 0.583 0.671 0.740 0.814 0.889 0.963 1.038 1.100 1.155
m 2.112 18 17 2.809 2.641 2.477 2.322 2.151 1.982 1.831 1.687 1.532 1.359 1.144 0.989 0.916 0.830 0.676 0.571 0.487 0.408 0.315 0.203 0.125 0.070 0.029 0.007 0.000 0.026 0.062 0.116 0.169 0.252 0.320 0.398 0.501 0.639 0.784 0.960 1.061 1.205 1.362 1.471 1.569 1.707 1.825 1.942 2.073 2.213 2.359 2.482 2.611
m 1.803 18 17 2.206 2.075 1.920 1.759 1.555 1.407 1.284 1.178 1.099 1.002 0.908 0.808 0.704 0.581 0.467 0.352 0.273 0.210 0.158 0.104 0.061 0.037 0.018 0.001 0.000 0.017 0.047 0.088 0.127 0.238 0.307 0.388 0.483 0.592 0.725 0.823 0.928 1.099 1.276 1.417 1.527 1.643 1.779 1.916 2.052 2.204 2.376 2.537 2.677
m 1.411 19 16 1.854 1.739 1.639 1.542 1.433 1.280 1.116 0.928 0.788 0.750 0.698 0.563 0.498 0.437 0.341 0.287 0.251 0.204 0.147 0.123 0.097 0.057 0.020 0.006 0.000 0.008 0.022 0.050 0.094 0.154 0.213 0.298 0.382 0.499 0.573 0.702 0.805 0.884 0.959 1.057 1.147 1.205 1.258 1.325 1.390 1.466 1.596 1.743 1.879
m 1.128 17 18 1.451 1.367 1.301 1.241 1.182 1.116 1.040 0.969 0.902 0.841 0.798 0.737 0.664 0.608 0.542 0.478 0.384 0.310 0.239 0.171 0.118 0.084 0.055 0.026 0.000 -0.005 -0.005 -0.001 0.028 0.065 0.121 0.172 0.206 0.256 0.320 0.377 0.452 0.519 0.588 0.646 0.743 0.818 0.900 0.985 1.074 1.145 1.217 1.306 1.411
m 1.369 17 18 1.913 1.836 1.755 1.673 1.580 1.482 1.378 1.283 1.204 1.121 1.024 0.911 0.809 0.708 0.611 0.576 0.488 0.403 0.311 0.238 0.178 0.101 0.059 0.026 0.000 -0.005 0.001 0.019 0.043 0.085 0.155 0.207 0.275 0.332 0.383 0.427 0.513 0.623 0.678 0.733 0.790 0.862 0.962 1.064 1.158 1.283 1.401 1.478 1.552
m 1.211 18 17 1.592 1.510 1.434 1.340 1.236 1.138 1.028 0.950 0.862 0.755 0.657 0.576 0.511 0.454 0.373 0.312 0.272 0.245 0.210 0.139 0.098 0.059 0.032 0.014 0.000 0.007 0.030 0.082 0.129 0.187 0.249 0.292 0.326 0.383 0.429 0.475 0.556 0.634 0.715 0.791 0.873 0.954 1.039 1.125 1.186 1.277 1.367 1.448 1.546
m 1.982 18 17 2.606 2.446 2.328 2.199 2.016 1.805 1.693 1.598 1.500 1.390 1.289 1.174 1.046 0.947 0.800 0.697 0.519 0.377 0.257 0.151 0.082 0.044 -0.003 -0.013 0.000 0.063 0.142 0.239 0.341 0.418 0.507 0.591 0.673 0.743 0.826 0.947 1.075 1.202 1.317 1.434 1.557 1.659 1.767 1.867 1.948 2.026 2.107 2.261 2.408
m 2.006 18 17 2.475 2.341 2.205 2.082 1.947 1.810 1.678 1.530 1.341 1.212 1.065 0.906 0.754 0.613 0.506 0.430 0.290 0.215 0.163 0.117 0.075 0.024 -0.010 -0.010 0.000 0.040 0.088 0.151 0.213 0.307 0.401 0.485 0.574 0.670 0.766 0.898 1.010 1.126 1.243 1.369 1.513 1.671 1.819 1.960 2.064 2.180 2.287 2.410 2.603
m 2.084 17 18 2.617 2.497 2.374 2.220 2.077 1.942 1.799 1.683 1.550 1.387 1.233 1.153 1.039 0.896 0.727 0.541 0.420 0.384 0.329 0.244 0.157 0.084 0.026 0.003 0.000 0.032 0.095 0.162 0.234 0.318 0.404 0.502 0.601 0.673 0.735 0.812 0.886 0.999 1.140 1.267 1.425 1.601 1.779 1.946 2.091 2.295 2.474 2.627 2.766
m 1.613 18 17 1.993 1.919 1.840 1.738 1.600 1.474 1.345 1.254 1.175 1.087 0.999 0.916 0.838 0.734 0.610 0.509 0.404 0.329 0.273 0.222 0.161 0.105 0.056 0.016 0.000 0.009 0.035 0.073 0.133 0.188 0.251 0.293 0.348 0.432 0.558 0.700 0.848 0.983 1.094 1.160 1.220 1.323 1.426 1.526 1.626 1.717 1.802 1.899 1.995
m 0.732 18 17 0.932 0.880 0.841 0.799 0.750 0.687 0.629 0.599 0.560 0.531 0.502 0.444 0.403 0.365 0.336 0.297 0.250 0.224 0.193 0.153 0.116 0.069 0.032 0.011 0.000 0.003 0.013 0.040 0.078 0.115 0.150 0.199 0.251 0.289 0.326 0.369 0.415 0.460 0.490 0.513 0.542 0.588 0.652 0.682 0.713 0.754 0.797 0.843 0.900
m 1.557 18 17 1.981 1.851 1.786 1.739 1.608 1.453 1.292 1.138 0.997 0.855 0.740 0.656 0.575 0.484 0.370 0.280 0.188 0.131 0.067 0.035 -0.002 -0.035 -0.040 -0.028 0.000 0.049 0.105 0.168 0.230 0.293 0.361 0.428 0.505 0.609 0.660 0.744 0.840 0.930 1.042 1.122 1.181 1.261 1.355 1.430 1.507 1.585 1.647 1.751 1.867
m 0.839 17 18 0.972 0.917 0.879 0.857 0.801 0.744 0.684 0.652 0.619 0.567 0.500 0.452 0.384 0.311 0.298 0.258 0.175 0.091 0.045 0.027 -0.006 -0.014 -0.020 -0.014 0.000 0.036 0.074 0.132 0.183 0.239 0.297 0.369 0.413 0.456 0.497 0.518 0.538 0.555 0.572 0.600 0.630 0.682 0.751 0.820 0.878 0.950 1.034 1.126 1.224
m 1.724 18 17 1.980 1.865 1.752 1.636 1.517 1.395 1.273 1.174 1.088 1.018 0.942 0.868 0.766 0.681 0.592 0.504 0.471 0.410 0.345 0.280 0.210 0.156 0.088 0.038 0.000 -0.010 -0.009 0.019 0.066 0.141 0.255 0.358 0.483 0.603 0.724 0.859 0.996 1.123 1.247 1.374 1.502 1.614 1.710 1.832 1.932 2.045 2.158 2.293 2.396
m 1.290 18 17 1.561 1.448 1.385 1.326 1.237 1.151 1.036 0.916 0.840 0.742 0.662 0.584 0.497 0.393 0.311 0.251 0.194 0.143 0.097 0.064 0.029 0.005 -0.011 -0.009 0.000 0.026 0.060 0.118 0.178 0.226 0.258 0.314 0.370 0.433 0.499 0.580 0.686 0.808 0.922 0.994 1.061 1.127 1.200 1.282 1.342 1.376 1.407 1.465 1.521
m 2.339 18 17 2.829 2.704 2.584 2.464 2.343 2.190 2.030 1.854 1.688 1.536 1.385 1.237 1.082 0.944 0.784 0.660 0.494 0.340 0.233 0.191 0.145 0.083 0.025 -0.008 0.000 0.035 0.102 0.164 0.250 0.340 0.444 0.530 0.596 0.667 0.775 0.937 1.119 1.296 1.456 1.589 1.741 1.875 2.031 2.199 2.336 2.458 2.585 2.709 2.825
m 0.995 18 17 1.449 1.351 1.240 1.145 1.056 0.970 0.887 0.817 0.758 0.751 0.748 0.749 0.719 0.684 0.624 0.549 0.471 0.397 0.323 0.249 0.178 0.100 0.043 0.014 0.000 0.002 0.035 0.096 0.169 0.213 0.231 0.279 0.314 0.349 0.380 0.429 0.482 0.541 0.599 0.650 0.702 0.750 0.810 0.867 0.933 1.003 1.079 1.167 1.254
m 1.511 18 17 1.790 1.639 1.519 1.434 1.347 1.272 1.173 1.069 0.958 0.844 0.743 0.641 0.539 0.447 0.347 0.269 0.187 0.160 0.135 0.106 0.079 0.049 0.007 -0.004 0.000 0.021 0.051 0.088 0.138 0.207 0.305 0.412 0.517 0.619 0.715 0.810 0.920 1.039 1.140 1.185 1.288 1.408 1.529 1.602 1.674 1.745 1.812 1.913 2.017
m 1.039 18 17 1.235 1.161 1.080 0.999 0.902 0.804 0.750 0.688 0.625 0.554 0.493 0.430 0.382 0.319 0.278 0.243 0.212 0.188 0.162 0.135 0.108 0.082 0.048 0.019 0.000 0.010 0.037 0.070 0.120 0.174 0.230 0.305 0.389 0.460 0.528 0.592 0.632 0.713 0.792 0.876 0.935 0.993 1.039 1.124 1.177 1.232 1.314 1.373 1.438
m 0.814 17 18 0.959 0.933 0.904 0.873 0.841 0.801 0.762 0.712 0.656 0.611 0.567 0.523 0.473 0.391 0.328 0.286 0.247 0.211 0.154 0.110 0.083 0.054 0.025 0.007 0.000 0.007 0.022 0.055 0.094 0.150 0.203 0.259 0.294 0.334 0.366 0.394 0.414 0.424 0.455 0.491 0.541 0.596 0.652 0.715 0.786 0.831 0.891 0.949 0.984
m 1.216 18 18 1.737 1.647 1.547 1.456 1.366 1.249 1.127 1.012 0.909 0.840 0.781 0.703 0.632 0.562 0.502 0.419 0.357 0.288 0.233 0.198 0.150 0.089 0.047 0.012 0.000 0.017 0.042 0.082 0.129 0.202 0.252 0.297 0.337 0.384 0.415 0.450 0.500 0.552 0.632 0.705 0.774 0.847 0.912 0.977 1.066 1.227 1.310 1.417 1.490
m 1.096 18 18 1.376 1.315 1.251 1.176 1.088 1.010 0.933 0.860 0.789 0.710 0.664 0.632 0.584 0.535 0.476 0.405 0.333 0.275 0.220 0.163 0.125 0.087 0.055 0.020 0.000 -0.004 0.009 0.022 0.061 0.100 0.136 0.177 0.214 0.260 0.353 0.341 0.418 0.503 0.584 0.675 0.767 0.843 0.951 1.039 1.103 1.153 1.198 1.243 1.309
m 0.826 18 18 1.085 1.035 0.983 0.915 0.845 0.778 0.716 0.650 0.589 0.541 0.493 0.449 0.403 0.371 0.339 0.297 0.255 0.207 0.158 0.108 0.070 0.043 0.026 0.010 0.000 0.003 0.010 0.029 0.054 0.083 0.117 0.154 0.200 0.246 0.295 0.350 0.407 0.462 0.509 0.550 0.587 0.636 0.694 0.751 0.807 0.859 0.919 0.992 1.045
m 0.943 18 18 1.261 1.164 1.074 0.993 0.926 0.856 0.772 0.699 0.636 0.578 0.527 0.477 0.424 0.372 0.324 0.280 0.221 0.174 0.139 0.107 0.076 0.045 0.027 0.010 0.000 0.007 0.029 0.055 0.079 0.105 0.135 0.185 0.230 0.280 0.329 0.376 0.417 0.455 0.514 0.573 0.657 0.740 0.817 0.888 0.961 1.031 1.104 1.169 1.227
m 0.865 18 18 1.272 1.195 1.146 1.083 1.003 0.931 0.860 0.789 0.712 0.639 0.558 0.504 0.440 0.377 0.318 0.262 0.212 0.167 0.128 0.099 0.065 0.040 0.019 0.006 0.000 0.011 0.029 0.050 0.071 0.094 0.116 0.134 0.165 0.201 0.229 0.283 0.330 0.378 0.428 0.453 0.496 0.553 0.619 0.678 0.726 0.789 0.869 0.951 1.038
m 1.102 18 18 1.480 1.405 1.320 1.226 1.134 1.046 0.956 0.883 0.795 0.722 0.651 0.573 0.500 0.440 0.375 0.312 0.251 0.196 0.151 0.108 0.076 0.048 0.024 0.008 0.000 0.005 0.019 0.041 0.074 0.109 0.153 0.201 0.254 0.307 0.363 0.429 0.501 0.565 0.642 0.706 0.767 0.836 0.913 0.995 1.069 1.151 1.240 1.336 1.418
m 1.354 18 18 1.880 1.750 1.629 1.508 1.415 1.324 1.224 1.125 1.015 0.902 0.786 0.681 0.584 0.494 0.406 0.331 0.263 0.191 0.145 0.107 0.049 0.026 0.007 -0.001 0.000 0.009 0.024 0.054 0.090 0.133 0.177 0.224 0.272 0.323 0.373 0.430 0.513 0.601 0.684 0.762 0.840 0.930 1.050 1.175 1.292 1.410 1.537 1.642 1.761
m 1.695 18 18 2.016 1.904 1.792 1.680 1.594 1.464 1.341 1.215 1.099 0.987 0.861 0.767 0.686 0.608 0.551 0.497 0.432 0.374 0.312 0.221 0.173 0.127 0.078 0.024 0.000 0.021 0.064 0.131 0.185 0.276 0.367 0.406 0.478 0.588 0.702 0.809 0.899 0.997 1.094 1.195 1.298 1.417 1.557 1.695 1.795 1.896 2.051 2.182 2.328
m 1.005 18 18 1.343 1.246 1.145 1.063 0.987 0.911 0.824 0.737 0.660 0.596 0.531 0.455 0.383 0.327 0.269 0.247 0.206 0.168 0.138 0.105 0.075 0.042 0.016 0.004 0.000 0.014 0.033 0.069 0.104 0.140 0.179 0.225 0.282 0.345 0.389 0.450 0.504 0.560 0.620 0.682 0.733 0.801 0.865 0.943 1.023 1.090 1.158 1.223 1.292
m 0.851 19 17 1.040 0.929 0.819 0.717 0.624 0.547 0.484 0.415 0.370 0.362 0.320 0.307 0.278 0.275 0.261 0.257 0.226 0.192 0.171 0.142 0.102 0.068 0.040 0.017 0.000 -0.002 0.020 0.061 0.108 0.155 0.209 0.282 0.328 0.389 0.463 0.548 0.577 0.643 0.717 0.796 0.861 0.903 0.948 1.008 1.078 1.149 1.220 1.292 1.381
m 0.697 18 18 0.826 0.779 0.737 0.702 0.671 0.616 0.562 0.524 0.492 0.460 0.440 0.424 0.394 0.366 0.329 0.288 0.260 0.240 0.204 0.174 0.144 0.102 0.068 0.033 0.000 -0.020 -0.033 -0.028 -0.008 0.026 0.065 0.143 0.168 0.203 0.278 0.293 0.331 0.364 0.433 0.467 0.493 0.574 0.630 0.675 0.722 0.760 0.802 0.840 0.902
m 0.860 18 18 1.132 1.044 0.968 0.898 0.811 0.741 0.674 0.620 0.565 0.520 0.458 0.408 0.347 0.290 0.241 0.206 0.167 0.133 0.105 0.081 0.064 0.041 0.022 0.010 0.000 0.003 0.012 0.035 0.069 0.108 0.146 0.199 0.236 0.283 0.333 0.364 0.394 0.454 0.535 0.602 0.664 0.721 0.778 0.853 0.908 0.969 1.021 1.070 1.149
m 1.008 18 18 1.313 1.251 1.179 1.111 1.047 0.983 0.911 0.833 0.763 0.691 0.623 0.555 0.487 0.429 0.376 0.323 0.276 0.222 0.165 0.117 0.076 0.046 0.022 0.007 0.000 0.004 0.014 0.032 0.060 0.091 0.132 0.175 0.228 0.279 0.333 0.394 0.453 0.508 0.568 0.635 0.703 0.764 0.837 0.903 0.970 1.043 1.125 1.204 1.280
m 1.003 18 18 1.168 1.107 1.036 0.962 0.873 0.803 0.737 0.673 0.630 0.569 0.503 0.448 0.387 0.333 0.290 0.240 0.185 0.127 0.107 0.078 0.053 0.030 0.015 0.004 0.000 0.011 0.029 0.051 0.087 0.136 0.188 0.249 0.310 0.374 0.436 0.499 0.562 0.629 0.693 0.754 0.826 0.895 0.973 1.054 1.133 1.204 1.267 1.328 1.374
m 1.252 19 17 1.664 1.526 1.375 1.236 1.107 0.981 0.861 0.805 0.769 0.723 0.647 0.564 0.472 0.374 0.328 0.277 0.253 0.221 0.176 0.113 0.058 0.042 0.009 -0.009 0.000 0.019 0.063 0.110 0.167 0.232 0.301 0.370 0.445 0.503 0.563 0.636 0.711 0.783 0.860 0.942 1.036 1.135 1.235 1.325 1.397 1.496 1.632 1.764 1.878
m 1.631 18 18 2.218 2.070 1.978 1.910 1.742 1.566 1.424 1.294 1.180 1.084 0.978 0.941 0.902 0.852 0.727 0.579 0.463 0.360 0.295 0.224 0.150 0.084 0.039 0.011 0.000 0.013 0.034 0.074 0.118 0.169 0.246 0.296 0.355 0.469 0.595 0.718 0.798 0.876 0.909 0.953 1.051 1.171 1.288 1.406 1.520 1.628 1.746 1.876 1.993
m 1.046 18 18 1.307 1.235 1.164 1.093 1.024 0.958 0.887 0.814 0.741 0.673 0.609 0.543 0.475 0.409 0.347 0.299 0.240 0.178 0.141 0.111 0.078 0.049 0.021 0.007 0.000 0.005 0.013 0.034 0.061 0.103 0.148 0.203 0.264 0.327 0.395 0.461 0.527 0.584 0.630 0.692 0.762 0.832 0.908 0.990 1.068 1.134 1.196 1.260 1.327
m 1.496 18 18 1.910 1.814 1.722 1.638 1.550 1.459 1.351 1.235 1.112 0.972 0.854 0.770 0.716 0.673 0.590 0.513 0.437 0.379 0.303 0.198 0.124 0.070 0.032 0.005 0.000 0.023 0.060 0.109 0.146 0.201 0.264 0.320 0.374 0.436 0.491 0.563 0.646 0.735 0.824 0.915 1.007 1.109 1.213 1.326 1.442 1.551 1.655 1.761 1.848
m 2.190 18 18 2.666 2.500 2.336 2.192 2.061 1.927 1.779 1.615 1.453 1.319 1.158 1.000 0.849 0.706 0.598 0.510 0.410 0.313 0.222 0.151 0.087 0.047 0.019 0.001 0.000 0.023 0.056 0.100 0.158 0.237 0.350 0.481 0.628 0.784 0.916 1.043 1.176 1.309 1.447 1.563 1.699 1.841 2.001 2.161 2.318 2.449 2.565 2.695 2.840
m 2.025 19 17 2.512 2.326 2.147 1.971 1.814 1.639 1.450 1.342 1.283 1.195 1.065 0.904 0.795 0.684 0.519 0.426 0.383 0.325 0.267 0.230 0.142 0.098 0.058 0.021 0.000 0.011 0.041 0.097 0.168 0.240 0.322 0.428 0.514 0.606 0.709 0.816 0.930 1.025 1.175 1.436 1.599 1.791 1.924 2.051 2.235 2.347 2.400 2.525 2.672
m 0.773 18 18 1.102 1.043 0.969 0.897 0.845 0.769 0.716 0.670 0.602 0.523 0.446 0.376 0.330 0.294 0.276 0.250 0.213 0.189 0.147 0.109 0.054 0.026 0.007 -0.002 0.000 0.019 0.038 0.061 0.095 0.126 0.154 0.201 0.250 0.293 0.333 0.368 0.411 0.440 0.464 0.493 0.523 0.540 0.584 0.634 0.702 0.767 0.824 0.871 0.906
m 1.813 18 18 2.476 2.332 2.191 2.029 1.872 1.721 1.570 1.405 1.334 1.185 1.048 0.951 0.756 0.642 0.572 0.477 0.386 0.290 0.248 0.170 0.117 0.067 0.026 0.004 0.000 0.023 0.054 0.111 0.185 0.279 0.396 0.450 0.495 0.549 0.627 0.748 0.892 0.978 1.052 1.118 1.238 1.387 1.529 1.641 1.754 1.887 1.972 2.073 2.185
m 1.485 18 18 1.941 1.816 1.706 1.601 1.510 1.401 1.287 1.157 1.039 0.931 0.828 0.763 0.694 0.607 0.528 0.435 0.355 0.330 0.288 0.265 0.199 0.142 0.081 0.036 0.000 0.002 0.020 0.057 0.111 0.179 0.258 0.340 0.441 0.546 0.647 0.710 0.781 0.853 0.915 0.968 1.040 1.131 1.255 1.361 1.461 1.566 1.662 1.778 1.880
m 1.550 18 18 2.027 1.899 1.762 1.630 1.490 1.364 1.263 1.150 1.027 0.916 0.821 0.732 0.633 0.552 0.484 0.422 0.357 0.274 0.202 0.156 0.107 0.068 0.041 0.018 0.000 -0.003 0.002 0.019 0.055 0.094 0.151 0.199 0.254 0.347 0.435 0.541 0.630 0.769 0.900 1.018 1.135 1.239 1.341 1.460 1.610 1.716 1.806 1.895 1.986
m 1.425 18 18 1.820 1.756 1.676 1.515 1.354 1.244 1.108 1.019 0.923 0.841 0.790 0.704 0.612 0.531 0.498 0.438 0.380 0.320 0.252 0.204 0.155 0.103 0.062 0.025 0.000 -0.001 0.017 0.043 0.063 0.095 0.140 0.218 0.285 0.359 0.461 0.565 0.664 0.740 0.816 0.909 1.003 1.136 1.271 1.375 1.496 1.623 1.748 1.846 1.944
m 1.307 18 18 1.615 1.521 1.426 1.348 1.259 1.147 1.047 0.950 0.848 0.748 0.644 0.552 0.456 0.379 0.309 0.243 0.194 0.155 0.110 0.066 0.024 -0.004 -0.015 -0.018 0.000 0.023 0.054 0.100 0.146 0.211 0.278 0.357 0.435 0.494 0.551 0.621 0.718 0.810 0.883 0.944 1.007 1.080 1.173 1.266 1.356 1.446 1.539 1.624 1.703
m 1.437 18 18 1.801 1.677 1.581 1.491 1.399 1.299 1.187 1.072 0.961 0.873 0.793 0.711 0.619 0.539 0.471 0.398 0.340 0.283 0.218 0.164 0.125 0.086 0.042 0.012 0.000 0.005 0.031 0.063 0.128 0.182 0.281 0.383 0.423 0.510 0.589 0.648 0.708 0.776 0.850 0.928 1.011 1.124 1.243 1.358 1.475 1.589 1.703 1.806 1.907
m 1.926 18 18 2.490 2.362 2.235 2.110 1.976 1.844 1.703 1.541 1.426 1.355 1.275 1.129 1.004 0.825 0.731 0.633 0.544 0.414 0.308 0.197 0.109 0.069 0.020 0.001 0.000 0.017 0.049 0.078 0.102 0.146 0.205 0.290 0.371 0.444 0.526 0.636 0.802 0.926 1.037 1.173 1.329 1.449 1.610 1.756 1.877 1.995 2.122 2.259 2.408
m 1.636 18 18 2.069 1.995 1.920 1.839 1.741 1.636 1.528 1.380 1.221 1.191 1.172 1.058 0.916 0.822 0.727 0.623 0.517 0.428 0.324 0.233 0.170 0.115 0.053 0.022 0.000 0.007 0.032 0.087 0.148 0.224 0.361 0.450 0.491 0.539 0.579 0.644 0.721 0.837 0.920 0.997 1.077 1.162 1.267 1.410 1.531 1.622 1.725 1.824 1.958
m 1.264 18 18 1.617 1.520 1.422 1.310 1.234 1.134 1.029 0.928 0.837 0.738 0.666 0.607 0.545 0.493 0.418 0.347 0.290 0.240 0.188 0.152 0.118 0.089 0.052 0.025 0.000 -0.009 -0.002 0.009 0.023 0.043 0.080 0.132 0.205 0.296 0.415 0.517 0.593 0.661 0.751 0.838 0.925 0.972 1.050 1.173 1.294 1.366 1.473 1.579 1.686
m 0.629 18 18 0.691 0.663 0.632 0.587 0.533 0.482 0.443 0.419 0.390 0.368 0.328 0.286 0.258 0.223 0.204 0.212 0.194 0.168 0.145 0.122 0.094 0.059 0.033 0.015 0.000 -0.006 -0.003 0.012 0.039 0.071 0.100 0.129 0.150 0.178 0.220 0.258 0.316 0.369 0.398 0.428 0.491 0.555 0.622 0.670 0.724 0.781 0.846 0.914 0.979
m 1.264 18 18 1.706 1.647 1.570 1.486 1.391 1.288 1.195 1.103 1.030 0.966 0.899 0.837 0.769 0.715 0.694 0.611 0.509 0.413 0.308 0.213 0.132 0.085 0.046 0.015 0.000 0.007 0.024 0.060 0.117 0.193 0.263 0.316 0.369 0.452 0.554 0.597 0.669 0.728 0.788 0.821 0.847 0.898 0.962 1.051 1.137 1.220 1.305 1.390 1.453
m 1.494 18 18 1.995 1.885 1.768 1.657 1.549 1.441 1.331 1.223 1.117 1.000 0.925 0.817 0.717 0.617 0.505 0.395 0.302 0.228 0.175 0.146 0.116 0.082 0.046 0.018 0.000 0.012 0.056 0.095 0.150 0.198 0.254 0.310 0.388 0.456 0.532 0.592 0.674 0.762 0.851 0.949 1.048 1.148 1.242 1.343 1.439 1.531 1.656 1.809 1.954
m 0.999 18 18 1.257 1.193 1.132 1.063 0.998 0.928 0.860 0.796 0.734 0.658 0.591 0.518 0.454 0.396 0.336 0.279 0.226 0.177 0.134 0.093 0.063 0.037 0.017 0.006 0.000 0.003 0.013 0.033 0.060 0.092 0.133 0.178 0.225 0.280 0.335 0.389 0.441 0.499 0.562 0.626 0.693 0.769 0.847 0.927 1.000 1.081 1.152 1.223 1.297
m 1.478 18 18 1.885 1.752 1.611 1.472 1.351 1.249 1.132 1.013 0.911 0.840 0.748 0.640 0.520 0.428 0.380 0.347 0.273 0.249 0.224 0.198 0.160 0.113 0.064 0.025 0.000 -0.014 -0.003 0.033 0.092 0.134 0.196 0.268 0.334 0.406 0.450 0.514 0.589 0.690 0.814 0.967 1.124 1.248 1.366 1.494 1.604 1.721 1.844 1.984 2.114
m 1.088 18 18 1.363 1.269 1.179 1.097 1.018 0.897 0.816 0.758 0.691 0.634 0.567 0.518 0.484 0.422 0.362 0.315 0.260 0.230 0.189 0.143 0.102 0.067 0.031 0.009 0.000 0.013 0.039 0.065 0.095 0.159 0.225 0.296 0.381 0.450 0.547 0.626 0.673 0.716 0.751 0.799 0.835 0.904 0.980 1.067 1.159 1.236 1.306 1.387 1.474
m 1.232 18 18 1.523 1.465 1.392 1.310 1.239 1.164 1.080 0.970 0.903 0.836 0.742 0.660 0.564 0.460 0.367 0.305 0.261 0.215 0.179 0.153 0.120 0.085 0.051 0.023 0.000 -0.007 0.003 0.026 0.059 0.100 0.157 0.180 0.225 0.264 0.311 0.343 0.399 0.478 0.598 0.724 0.812 0.892 0.998 1.113 1.225 1.328 1.390 1.470 1.579
m 1.244 18 18 1.605 1.511 1.425 1.339 1.240 1.137 1.052 0.976 0.897 0.782 0.695 0.622 0.580 0.528 0.462 0.407 0.368 0.327 0.281 0.233 0.183 0.135 0.091 0.043 0.000 -0.020 -0.020 0.006 0.025 0.069 0.098 0.127 0.186 0.247 0.310 0.363 0.448 0.549 0.642 0.736 0.820 0.920 1.027 1.134 1.247 1.350 1.438 1.541 1.628
m 0.986 18 18 1.355 1.253 1.150 1.051 0.959 0.877 0.809 0.737 0.675 0.634 0.593 0.540 0.470 0.420 0.373 0.321 0.241 0.193 0.152 0.105 0.067 0.040 0.022 0.006 0.000 0.006 0.017 0.046 0.079 0.114 0.157 0.208 0.249 0.295 0.338 0.389 0.446 0.508 0.564 0.616 0.664 0.747 0.842 0.926 1.013 1.104 1.187 1.240 1.328
m 1.136 19 18 1.532 1.430 1.312 1.193 1.074 0.954 0.839 0.732 0.633 0.549 0.471 0.385 0.332 0.287 0.259 0.233 0.207 0.173 0.120 0.068 0.042 0.024 0.010 0.001 0.000 0.004 0.023 0.060 0.101 0.145 0.166 0.171 0.196 0.250 0.311 0.389 0.468 0.548 0.626 0.690 0.791 0.878 0.980 1.088 1.199 1.313 1.429 1.541 1.649
m 0.863 19 18 1.069 1.013 0.971 0.950 0.898 0.797 0.716 0.646 0.604 0.577 0.526 0.460 0.393 0.329 0.270 0.217 0.179 0.144 0.112 0.084 0.063 0.043 0.025 0.010 0.000 0.006 0.014 0.031 0.047 0.067 0.092 0.115 0.150 0.186 0.232 0.294 0.369 0.446 0.508 0.566 0.606 0.648 0.692 0.760 0.828 0.895 0.958 1.025 1.109
m 1.284 19 18 1.627 1.559 1.474 1.376 1.279 1.158 1.021 0.935 0.897 0.844 0.770 0.727 0.679 0.577 0.456 0.391 0.330 0.239 0.204 0.174 0.153 0.106 0.052 0.020 0.000 0.015 0.046 0.084 0.128 0.176 0.237 0.331 0.396 0.453 0.508 0.570 0.642 0.710 0.763 0.810 0.877 0.948 1.034 1.156 1.289 1.423 1.523 1.595 1.725
m 1.090 18 19 1.912 1.809 1.726 1.642 1.546 1.435 1.330 1.220 1.109 1.016 0.928 0.829 0.720 0.620 0.524 0.452 0.374 0.283 0.212 0.137 0.048 0.018 -0.000 -0.006 0.000 0.021 0.049 0.080 0.120 0.151 0.180 0.206 0.223 0.242 0.261 0.287 0.315 0.332 0.359 0.377 0.405 0.436 0.490 0.544 0.635 0.737 0.932 1.154 1.270
m 1.550 19 18 1.936 1.862 1.767 1.651 1.498 1.252 1.069 0.965 0.894 0.799 0.667 0.591 0.524 0.438 0.383 0.297 0.216 0.150 0.120 0.093 0.061 0.033 0.014 -0.005 0.000 0.027 0.067 0.135 0.179 0.220 0.269 0.317 0.376 0.443 0.525 0.618 0.722 0.831 0.937 1.047 1.148 1.255 1.372 1.481 1.602 1.722 1.839 1.959 2.086
m 0.924 18 19 1.384 1.306 1.256 1.137 1.033 0.956 0.901 0.794 0.732 0.686 0.643 0.583 0.536 0.498 0.467 0.417 0.369 0.307 0.271 0.216 0.155 0.106 0.064 0.029 0.000 0.005 0.025 0.045 0.076 0.115 0.189 0.230 0.249 0.311 0.354 0.396 0.457 0.515 0.556 0.582 0.599 0.617 0.649 0.723 0.815 0.933 1.050 1.170 1.289
m 1.004 18 19 1.366 1.302 1.224 1.147 1.068 0.990 0.913 0.837 0.762 0.693 0.635 0.609 0.569 0.491 0.413 0.352 0.294 0.238 0.177 0.116 0.078 0.047 0.039 0.016 0.000 0.002 0.014 0.045 0.076 0.125 0.164 0.192 0.253 0.270 0.292 0.357 0.394 0.455 0.494 0.516 0.591 0.664 0.741 0.833 0.939 1.051 1.139 1.224 1.294
